NUTS-Code,Indicator,Description,,,,,,,,,,,,,,,,
BE,184,Belgium,,,,,,,,,,,,,,,,
BE100,30,Arr. de Bruxelles-Capitale / Arr. van Brussel-Hoofdstad,,,,,,,,,,,,,,,,
BE211,22,Arr. Antwerpen,,,,,,,,,,,,,,,,
BE212,7,Arr. Mechelen,,,,,,,,,,,,,,,,
BE213,1,Arr. Turnhout,,,,,,,,,,,,,,,,
BE221,6,Arr. Hasselt,,,,,,,,,,,,,,,,
BE222,1,Arr. Maaseik,,,,,,,,,,,,,,,,
BE223,4,Arr. Tongeren,,,,,,,,,,,,,,,,
BE231,1,Arr. Aalst,,,,,,,,,,,,,,,,
BE232,,Arr. Dendermonde,,,,,,,,,,,,,,,,
BE233,,Arr. Eeklo,,,,,,,,,,,,,,,,
BE234,5,Arr. Gent,,,,,,,,,,,,,,,,
BE235,,Arr. Oudenaarde,,,,,,,,,,,,,,,,
BE236,2,Arr. Sint-Niklaas,,,,,,,,,,,,,,,,
BE241,7,Arr. Halle-Vilvoorde,,,,,,,,,,,,,,,,
BE242,3,Arr. Leuven,,,,,,,,,,,,,,,,
BE251,,Arr. Brugge,,,,,,,,,,,,,,,,
BE252,,Arr. Diksmuide,,,,,,,,,,,,,,,,
BE253,1,Arr. Ieper,,,,,,,,,,,,,,,,
BE254,4,Arr. Kortrijk,,,,,,,,,,,,,,,,
BE255,3,Arr. Oostende,,,,,,,,,,,,,,,,
BE256,3,Arr. Roeselare,,,,,,,,,,,,,,,,
BE257,1,Arr. Tielt,,,,,,,,,,,,,,,,
BE258,,Arr. Veurne,,,,,,,,,,,,,,,,
BE310,10,Arr. Nivelles,,,,,,,,,,,,,,,,
BE321,1,Arr. Ath,,,,,,,,,,,,,,,,
BE322,9,Arr. Charleroi,,,,,,,,,,,,,,,,
BE323,7,Arr. Mons,,,,,,,,,,,,,,,,
BE324,2,Arr. Mouscron,,,,,,,,,,,,,,,,
BE325,3,Arr. Soignies,,,,,,,,,,,,,,,,
BE326,4,Arr. Thuin,,,,,,,,,,,,,,,,
BE327,4,Arr. Tournai,,,,,,,,,,,,,,,,
BE331,2,Arr. Huy,,,,,,,,,,,,,,,,
BE332,19,Arr. Li�ge,,,,,,,,,,,,,,,,
BE334,3,Arr. Waremme,,,,,,,,,,,,,,,,
BE335,2,Arr. Verviers - communes francophones,,,,,,,,,,,,,,,,
BE336,2,Bezirk Verviers - Deutschsprachige Gemeinschaft,,,,,,,,,,,,,,,,
BE341,2,Arr. Arlon,,,,,,,,,,,,,,,,
BE342,,Arr. Bastogne,,,,,,,,,,,,,,,,
BE343,1,Arr. Marche-en-Famenne,,,,,,,,,,,,,,,,
BE344,,Arr. Neufch�teau,,,,,,,,,,,,,,,,
BE345,3,Arr. Virton,,,,,,,,,,,,,,,,
BE351,1,Arr. Dinant,,,,,,,,,,,,,,,,
BE352,5,Arr. Namur,,,,,,,,,,,,,,,,
BE353,3,Arr. Philippeville,,,,,,,,,,,,,,,,
BEZZZ,0,Extra-Regio NUTS 3,,,,,,,,,,,,,,,,
BG,147,Bulgaria,,,,,,,,,,,,,,,,
BG311,3,Vidin,,,,,,,,,,,,,,,,
BG312,4,Montana,,,,,,,,,,,,,,,,
BG313,3,Vratsa,,,,,,,,,,,,,,,,
BG314,8,Pleven,,,,,,,,,,,,,,,,
BG315,10,Lovech,,,,,,,,,,,,,,,,
BG321,2,Veliko Tarnovo,,,,,,,,,,,,,,,,
BG322,5,Gabrovo,,,,,,,,,,,,,,,,
BG323,7,Ruse,,,,,,,,,,,,,,,,
BG324,2,Razgrad,,,,,,,,,,,,,,,,
BG325,0,Silistra,,,,,,,,,,,,,,,,
BG331,7,Varna,,,,,,,,,,,,,,,,
BG332,3,Dobrich,,,,,,,,,,,,,,,,
BG333,1,Shumen,,,,,,,,,,,,,,,,
BG334,7,Targovishte,,,,,,,,,,,,,,,,
BG341,9,Burgas,,,,,,,,,,,,,,,,
BG342,9,Sliven,,,,,,,,,,,,,,,,
BG343,5,Yambol,,,,,,,,,,,,,,,,
BG344,8,Stara Zagora,,,,,,,,,,,,,,,,
BG411,19,Sofia (stolitsa),,,,,,,,,,,,,,,,
BG412,9,Sofia,,,,,,,,,,,,,,,,
BG413,2,Blagoevgrad,,,,,,,,,,,,,,,,
BG414,2,Pernik,,,,,,,,,,,,,,,,
BG415,3,Kyustendil,,,,,,,,,,,,,,,,
BG421,8,Plovdiv,,,,,,,,,,,,,,,,
BG422,5,Haskovo,,,,,,,,,,,,,,,,
BG423,5,Pazardzhik,,,,,,,,,,,,,,,,
BG424,0,Smolyan,,,,,,,,,,,,,,,,
BG425,1,Kardzhali,,,,,,,,,,,,,,,,
BGZZZ,0,Extra-Regio NUTS 3,,,,,,,,,,,,,,,,
CZ,103,Czechia,,,,,,,,,,,,,,,,
CZ010,16,Hlavn� mesto Praha,,,,,,,,,,,,,,,,
CZ020,9,Stredocesk� kraj,,,,,,,,,,,,,,,,
CZ031,5,Jihoceck� kraj,,,,,,,,,,,,,,,,
CZ032,5,Plzensk� kraj,,,,,,,,,,,,,,,,
CZ041,8,Karlovarsk� kraj,,,,,,,,,,,,,,,,
CZ042,7,�steck� kraj,,,,,,,,,,,,,,,,
CZ051,2,Libereck� kraj,,,,,,,,,,,,,,,,
CZ052,3,Kr�lov�hradeck� kraj,,,,,,,,,,,,,,,,
CZ053,8,Pardubick� kraj,,,,,,,,,,,,,,,,
CZ063,6,Kraj Vysocina,,,,,,,,,,,,,,,,
CZ064,9,Jihomoravsk� kraj,,,,,,,,,,,,,,,,
CZ071,8,Olomouck� kraj,,,,,,,,,,,,,,,,
CZ072,5,Zl�nsk� kraj,,,,,,,,,,,,,,,,
CZ080,12,Moravskoslezsk� kraj,,,,,,,,,,,,,,,,
CZZZZ,0,Extra-Regio NUTS 3,,,,,,,,,,,,,,,,
DK,62,DANMARK,,,,,,,,,,,,,,,,
DK011,9,Byen K�benhavn,,,,,,,,,,,,,,,,
DK012,7,K�benhavns omegn,,,,,,,,,,,,,,,,
DK013,4,Nordsj�lland,,,,,,,,,,,,,,,,
DK014,1,Bornholm,,,,,,,,,,,,,,,,
DK021,10,�stsj�lland,,,,,,,,,,,,,,,,
DK022,8,Vest- og Sydsj�lland,,,,,,,,,,,,,,,,
DK031,5,Fyn,,,,,,,,,,,,,,,,
DK032,4,Sydjylland,,,,,,,,,,,,,,,,
DK041,4,Vestjylland,,,,,,,,,,,,,,,,
DK042,7,�stjylland,,,,,,,,,,,,,,,,
DK050,3,Nordjylland,,,,,,,,,,,,,,,,
DKZZZ,0,Extra-Regio NUTS 3,,,,,,,,,,,,,,,,
DE,690,Germany (until 1990 former territory of the FRG),,,,,,,,,,,,,,,,
DE111,6,Stuttgart,,,,,,,,,,,,,,,,
DE112,3,B�blingen,,,,,,,,,,,,,,,,
DE113,0,Esslingen,,,,,,,,,,,,,,,,
DE114,0,G�ppingen,,,,,,,,,,,,,,,,
DE115,4,Ludwigsburg,,,,,,,,,,,,,,,,
DE116,2,Rems-Murr-Kreis,,,,,,,,,,,,,,,,
DE117,1,Heilbronn,,,,,,,,,,,,,,,,
DE118,1,Heilbronn,,,,,,,,,,,,,,,,
DE119,1,Hohenlohekreis,,,,,,,,,,,,,,,,
DE11A,3,Schw�bisch Hall,,,,,,,,,,,,,,,,
DE11B,1,Main-Tauber-Kreis,,,,,,,,,,,,,,,,
DE11C,2,Heidenheim,,,,,,,,,,,,,,,,
DE11D,4,Ostalbkreis,,,,,,,,,,,,,,,,
DE121,2,Baden-Baden,,,,,,,,,,,,,,,,
DE122,3,Karlsruhe,,,,,,,,,,,,,,,,
DE123,1,Karlsruhe,,,,,,,,,,,,,,,,
DE124,0,Rastatt,,,,,,,,,,,,,,,,
DE125,1,Heidelberg,,,,,,,,,,,,,,,,
DE126,5,Mannheim,,,,,,,,,,,,,,,,
DE127,3,Neckar-Odenwald-Kreis,,,,,,,,,,,,,,,,
DE128,3,Rhein-Neckar-Kreis,,,,,,,,,,,,,,,,
DE129,1,Pforzheim,,,,,,,,,,,,,,,,
DE12A,1,Calw,,,,,,,,,,,,,,,,
DE12B,0,Enzkreis,,,,,,,,,,,,,,,,
DE12C,0,Freudenstadt,,,,,,,,,,,,,,,,
DE131,0,Freiburg im Breisgau,,,,,,,,,,,,,,,,
DE132,1,Breisgau-Hochschwarzwald,,,,,,,,,,,,,,,,
DE133,1,Emmendingen,,,,,,,,,,,,,,,,
DE134,1,Ortenaukreis,,,,,,,,,,,,,,,,
DE135,2,Rottweil,,,,,,,,,,,,,,,,
DE136,0,Schwarzwald-Baar-Kreis,,,,,,,,,,,,,,,,
DE137,4,Tuttlingen,,,,,,,,,,,,,,,,
DE138,1,Konstanz,,,,,,,,,,,,,,,,
DE139,2,L�rrach,,,,,,,,,,,,,,,,
DE13A,0,Waldshut,,,,,,,,,,,,,,,,
DE141,3,Reutlingen,,,,,,,,,,,,,,,,
DE142,2,T�bingen,,,,,,,,,,,,,,,,
DE143,2,Zollernalbkreis,,,,,,,,,,,,,,,,
DE144,0,Ulm,,,,,,,,,,,,,,,,
DE145,0,Alb-Donau-Kreis,,,,,,,,,,,,,,,,
DE146,1,Biberach,,,,,,,,,,,,,,,,
DE147,2,Bodenseekreis,,,,,,,,,,,,,,,,
DE148,1,Ravensburg,,,,,,,,,,,,,,,,
DE149,1,Sigmaringen,,,,,,,,,,,,,,,,
DE211,3,Ingolstadt,,,,,,,,,,,,,,,,
DE212,9,M�nchen,,,,,,,,,,,,,,,,
DE213,2,Rosenheim,,,,,,,,,,,,,,,,
DE214,0,Alt�tting,,,,,,,,,,,,,,,,
DE215,0,Berchtesgadener Land,,,,,,,,,,,,,,,,
DE216,0,Bad T�lz-Wolfratshausen,,,,,,,,,,,,,,,,
DE217,0,Dachau,,,,,,,,,,,,,,,,
DE218,2,Ebersberg,,,,,,,,,,,,,,,,
DE219,0,Eichst�tt,,,,,,,,,,,,,,,,
DE21A,0,Erding,,,,,,,,,,,,,,,,
DE21B,1,Freising,,,,,,,,,,,,,,,,
DE21C,1,F�rstenfeldbruck,,,,,,,,,,,,,,,,
DE21D,0,Garmisch-Partenkirchen,,,,,,,,,,,,,,,,
DE21E,0,Landsberg am Lech,,,,,,,,,,,,,,,,
DE21F,1,Miesbach,,,,,,,,,,,,,,,,
DE21G,0,M�hldorf am Inn,,,,,,,,,,,,,,,,
DE21H,5,M�nchen,,,,,,,,,,,,,,,,
DE21I,1,Neuburg-Schrobenhausen,,,,,,,,,,,,,,,,
DE21J,1,Pfaffenhofen an der Ilm,,,,,,,,,,,,,,,,
DE21K,3,Rosenheim,,,,,,,,,,,,,,,,
DE21L,0,Starnberg,,,,,,,,,,,,,,,,
DE21M,1,Traunstein,,,,,,,,,,,,,,,,
DE21N,1,Weilheim-Schongau,,,,,,,,,,,,,,,,
DE221,2,Landshut,,,,,,,,,,,,,,,,
DE222,0,Passau,,,,,,,,,,,,,,,,
DE223,0,Straubing,,,,,,,,,,,,,,,,
DE224,0,Deggendorf,,,,,,,,,,,,,,,,
DE225,1,Freyung-Grafenau,,,,,,,,,,,,,,,,
DE226,2,Kelheim,,,,,,,,,,,,,,,,
DE227,0,Landshut,,,,,,,,,,,,,,,,
DE228,1,Passau,,,,,,,,,,,,,,,,
DE229,2,Regen,,,,,,,,,,,,,,,,
DE22A,0,Rottal-Inn,,,,,,,,,,,,,,,,
DE22B,2,Straubing-Bogen,,,,,,,,,,,,,,,,
DE22C,2,Dingolfing-Landau,,,,,,,,,,,,,,,,
DE231,0,Amberg,,,,,,,,,,,,,,,,
DE232,0,Regensburg,,,,,,,,,,,,,,,,
DE233,1,Weiden in der Oberpfalz,,,,,,,,,,,,,,,,
DE234,0,Amberg-Sulzbach,,,,,,,,,,,,,,,,
DE235,0,Cham,,,,,,,,,,,,,,,,
DE236,0,Neumarkt in der Oberpfalz,,,,,,,,,,,,,,,,
DE237,0,Neustadt an der Waldnaab,,,,,,,,,,,,,,,,
DE238,1,Regensburg,,,,,,,,,,,,,,,,
DE239,0,Schwandorf,,,,,,,,,,,,,,,,
DE23A,0,Tirschenreuth,,,,,,,,,,,,,,,,
DE241,1,Bamberg,,,,,,,,,,,,,,,,
DE242,1,Bayreuth,,,,,,,,,,,,,,,,
DE243,0,Coburg,,,,,,,,,,,,,,,,
DE244,1,Hof,,,,,,,,,,,,,,,,
DE245,0,Bamberg,,,,,,,,,,,,,,,,
DE246,1,Bayreuth,,,,,,,,,,,,,,,,
DE247,0,Coburg,,,,,,,,,,,,,,,,
DE248,2,Forchheim,,,,,,,,,,,,,,,,
DE249,0,Hof,,,,,,,,,,,,,,,,
DE24A,0,Kronach,,,,,,,,,,,,,,,,
DE24B,0,Kulmbach,,,,,,,,,,,,,,,,
DE24C,0,Lichtenfels,,,,,,,,,,,,,,,,
DE24D,0,Wunsiedel im Fichtelgebirge,,,,,,,,,,,,,,,,
DE251,0,Ansbach,,,,,,,,,,,,,,,,
DE252,0,Erlangen,,,,,,,,,,,,,,,,
DE253,0,F�rth,,,,,,,,,,,,,,,,
DE254,1,N�rnberg,,,,,,,,,,,,,,,,
DE255,0,Schwabach,,,,,,,,,,,,,,,,
DE256,1,Ansbach,,,,,,,,,,,,,,,,
DE257,0,Erlangen-H�chstadt,,,,,,,,,,,,,,,,
DE258,0,F�rth,,,,,,,,,,,,,,,,
DE259,2,N�rnberger Land,,,,,,,,,,,,,,,,
DE25A,0,Neustadt an der Aisch-Bad Windsheim,,,,,,,,,,,,,,,,
DE25B,0,Roth,,,,,,,,,,,,,,,,
DE25C,0,Wei�enburg-Gunzenhausen,,,,,,,,,,,,,,,,
DE261,0,Aschaffenburg,,,,,,,,,,,,,,,,
DE262,3,Schweinfurt,,,,,,,,,,,,,,,,
DE263,1,W�rzburg,,,,,,,,,,,,,,,,
DE264,0,Aschaffenburg,,,,,,,,,,,,,,,,
DE265,1,Bad Kissingen,,,,,,,,,,,,,,,,
DE266,0,Rh�n-Grabfeld,,,,,,,,,,,,,,,,
DE267,1,Ha�berge,,,,,,,,,,,,,,,,
DE268,0,Kitzingen,,,,,,,,,,,,,,,,
DE269,0,Miltenberg,,,,,,,,,,,,,,,,
DE26A,1,Main-Spessart,,,,,,,,,,,,,,,,
DE26B,0,Schweinfurt,,,,,,,,,,,,,,,,
DE26C,0,W�rzburg,,,,,,,,,,,,,,,,
DE271,6,Augsburg,,,,,,,,,,,,,,,,
DE272,1,Kaufbeuren,,,,,,,,,,,,,,,,
DE273,0,Kempten (Allg�u),,,,,,,,,,,,,,,,
DE274,0,Memmingen,,,,,,,,,,,,,,,,
DE275,0,Aichach-Friedberg,,,,,,,,,,,,,,,,
DE276,0,Augsburg,,,,,,,,,,,,,,,,
DE277,1,Dillingen an der Donau,,,,,,,,,,,,,,,,
DE278,0,G�nzburg,,,,,,,,,,,,,,,,
DE279,1,Neu-Ulm,,,,,,,,,,,,,,,,
DE27A,0,Lindau (Bodensee),,,,,,,,,,,,,,,,
DE27B,0,Ostallg�u,,,,,,,,,,,,,,,,
DE27C,0,Unterallg�u,,,,,,,,,,,,,,,,
DE27D,0,Donau-Ries,,,,,,,,,,,,,,,,
DE27E,2,Oberallg�u,,,,,,,,,,,,,,,,
DE300,41,Berlin,,,,,,,,,,,,,,,,
DE401,2,Brandenburg an der Havel,,,,,,,,,,,,,,,,
DE402,0,Cottbus,,,,,,,,,,,,,,,,
DE403,1,Frankfurt (Oder),,,,,,,,,,,,,,,,
DE404,0,Potsdam,,,,,,,,,,,,,,,,
DE405,10,Barnim,,,,,,,,,,,,,,,,
DE406,6,Dahme-Spreewald,,,,,,,,,,,,,,,,
DE407,1,Elbe-Elster,,,,,,,,,,,,,,,,
DE408,4,Havelland,,,,,,,,,,,,,,,,
DE409,1,M�rkisch-Oderland,,,,,,,,,,,,,,,,
DE40A,8,Oberhavel,,,,,,,,,,,,,,,,
DE40B,4,Oberspreewald-Lausitz,,,,,,,,,,,,,,,,
DE40C,0,Oder-Spree,,,,,,,,,,,,,,,,
DE40D,0,Ostprignitz-Ruppin,,,,,,,,,,,,,,,,
DE40E,0,Potsdam-Mittelmark,,,,,,,,,,,,,,,,
DE40F,0,Prignitz,,,,,,,,,,,,,,,,
DE40G,2,Spree-Nei�e,,,,,,,,,,,,,,,,
DE40H,0,Teltow-Fl�ming,,,,,,,,,,,,,,,,
DE40I,1,Uckermark,,,,,,,,,,,,,,,,
DE501,9,Bremen,,,,,,,,,,,,,,,,
DE502,1,Bremerhaven,,,,,,,,,,,,,,,,
DE600,18,Hamburg,,,,,,,,,,,,,,,,
DE711,2,Darmstadt,,,,,,,,,,,,,,,,
DE712,13,Frankfurt am Main,,,,,,,,,,,,,,,,
DE713,0,Offenbach am Main,,,,,,,,,,,,,,,,
DE714,2,Wiesbaden,,,,,,,,,,,,,,,,
DE715,1,Bergstra�e,,,,,,,,,,,,,,,,
DE716,2,Darmstadt-Dieburg,,,,,,,,,,,,,,,,
DE717,3,Gro�-Gerau,,,,,,,,,,,,,,,,
DE718,1,Hochtaunuskreis,,,,,,,,,,,,,,,,
DE719,4,Main-Kinzig-Kreis,,,,,,,,,,,,,,,,
DE71A,0,Main-Taunus-Kreis,,,,,,,,,,,,,,,,
DE71B,2,Odenwaldkreis,,,,,,,,,,,,,,,,
DE71C,1,Offenbach,,,,,,,,,,,,,,,,
DE71D,0,Rheingau-Taunus-Kreis,,,,,,,,,,,,,,,,
DE71E,1,Wetteraukreis,,,,,,,,,,,,,,,,
DE721,4,Gie�en,,,,,,,,,,,,,,,,
DE722,5,Lahn-Dill-Kreis,,,,,,,,,,,,,,,,
DE723,2,Limburg-Weilburg,,,,,,,,,,,,,,,,
DE724,3,Marburg-Biedenkopf,,,,,,,,,,,,,,,,
DE725,0,Vogelsbergkreis,,,,,,,,,,,,,,,,
DE731,5,Kassel,,,,,,,,,,,,,,,,
DE732,0,Fulda,,,,,,,,,,,,,,,,
DE733,3,Hersfeld-Rotenburg,,,,,,,,,,,,,,,,
DE734,2,Kassel,,,,,,,,,,,,,,,,
DE735,2,Schwalm-Eder-Kreis,,,,,,,,,,,,,,,,
DE736,2,Waldeck-Frankenberg,,,,,,,,,,,,,,,,
DE737,0,Werra-Mei�ner-Kreis,,,,,,,,,,,,,,,,
DE803,3,Rostock,,,,,,,,,,,,,,,,
DE804,2,Schwerin,,,,,,,,,,,,,,,,
DE80J,0,Mecklenburgische Seenplatte,,,,,,,,,,,,,,,,
DE80K,3,Landkreis Rostock,,,,,,,,,,,,,,,,
DE80L,0,Vorpommern-R�gen,,,,,,,,,,,,,,,,
DE80M,0,Nordwestmecklenburg,,,,,,,,,,,,,,,,
DE80N,0,Vorpommern-Greifswald,,,,,,,,,,,,,,,,
DE80O,0,Ludwigslust-Parchim,,,,,,,,,,,,,,,,
DE911,1,Braunschweig,,,,,,,,,,,,,,,,
DE912,0,Salzgitter,,,,,,,,,,,,,,,,
DE913,0,Wolfsburg,,,,,,,,,,,,,,,,
DE914,3,Gifhorn,,,,,,,,,,,,,,,,
DE915,2,G�ttingen (NUTS 2013),,,,,,,,,,,,,,,,
DE916,0,Goslar,,,,,,,,,,,,,,,,
DE917,1,Helmstedt,,,,,,,,,,,,,,,,
DE918,0,Northeim,,,,,,,,,,,,,,,,
DE919,0,Osterode am Harz (NUTS 2013),,,,,,,,,,,,,,,,
DE91A,1,Peine,,,,,,,,,,,,,,,,
DE91B,0,Wolfenb�ttel,,,,,,,,,,,,,,,,
DE922,1,Diepholz,,,,,,,,,,,,,,,,
DE923,0,Hameln-Pyrmont,,,,,,,,,,,,,,,,
DE925,3,Hildesheim,,,,,,,,,,,,,,,,
DE926,1,Holzminden,,,,,,,,,,,,,,,,
DE927,1,Nienburg (Weser),,,,,,,,,,,,,,,,
DE928,4,Schaumburg,,,,,,,,,,,,,,,,
DE929,9,Region Hannover,,,,,,,,,,,,,,,,
DE931,0,Celle,,,,,,,,,,,,,,,,
DE932,4,Cuxhaven,,,,,,,,,,,,,,,,
DE933,1,Harburg,,,,,,,,,,,,,,,,
DE934,0,L�chow-Dannenberg,,,,,,,,,,,,,,,,
DE935,2,L�neburg,,,,,,,,,,,,,,,,
DE936,0,Osterholz,,,,,,,,,,,,,,,,
DE937,0,Rotenburg (W�mme),,,,,,,,,,,,,,,,
DE938,3,Heidekreis,,,,,,,,,,,,,,,,
DE939,0,Stade,,,,,,,,,,,,,,,,
DE93A,1,Uelzen,,,,,,,,,,,,,,,,
DE93B,2,Verden,,,,,,,,,,,,,,,,
DE941,0,Delmenhorst,,,,,,,,,,,,,,,,
DE942,0,Emden,,,,,,,,,,,,,,,,
DE943,0,Oldenburg (Oldenburg),,,,,,,,,,,,,,,,
DE944,5,Osnabr�ck,,,,,,,,,,,,,,,,
DE945,1,Wilhelmshaven,,,,,,,,,,,,,,,,
DE946,1,Ammerland,,,,,,,,,,,,,,,,
DE947,2,Aurich,,,,,,,,,,,,,,,,
DE948,19,Cloppenburg,,,,,,,,,,,,,,,,
DE949,1,Emsland,,,,,,,,,,,,,,,,
DE94A,0,Friesland (DE),,,,,,,,,,,,,,,,
DE94B,0,Grafschaft Bentheim,,,,,,,,,,,,,,,,
DE94C,0,Leer,,,,,,,,,,,,,,,,
DE94D,4,Oldenburg,,,,,,,,,,,,,,,,
DE94E,4,Osnabr�ck,,,,,,,,,,,,,,,,
DE94F,0,Vechta,,,,,,,,,,,,,,,,
DE94G,1,Wesermarsch,,,,,,,,,,,,,,,,
DE94H,0,Wittmund,,,,,,,,,,,,,,,,
DEA11,5,D�sseldorf,,,,,,,,,,,,,,,,
DEA12,3,Duisburg,,,,,,,,,,,,,,,,
DEA13,3,Essen,,,,,,,,,,,,,,,,
DEA14,2,Krefeld,,,,,,,,,,,,,,,,
DEA15,1,M�nchengladbach,,,,,,,,,,,,,,,,
DEA16,0,M�lheim an der Ruhr,,,,,,,,,,,,,,,,
DEA17,2,Oberhausen,,,,,,,,,,,,,,,,
DEA18,2,Remscheid,,,,,,,,,,,,,,,,
DEA19,0,Solingen,,,,,,,,,,,,,,,,
DEA1A,5,Wuppertal,,,,,,,,,,,,,,,,
DEA1B,0,Kleve,,,,,,,,,,,,,,,,
DEA1C,4,Mettmann,,,,,,,,,,,,,,,,
DEA1D,0,Rhein-Kreis Neuss,,,,,,,,,,,,,,,,
DEA1E,1,Viersen,,,,,,,,,,,,,,,,
DEA1F,3,Wesel,,,,,,,,,,,,,,,,
DEA22,5,Bonn,,,,,,,,,,,,,,,,
DEA23,20,K�ln,,,,,,,,,,,,,,,,
DEA24,1,Leverkusen,,,,,,,,,,,,,,,,
DEA26,2,D�ren,,,,,,,,,,,,,,,,
DEA27,1,Rhein-Erft-Kreis,,,,,,,,,,,,,,,,
DEA28,2,Euskirchen,,,,,,,,,,,,,,,,
DEA29,2,Heinsberg,,,,,,,,,,,,,,,,
DEA2A,2,Oberbergischer Kreis,,,,,,,,,,,,,,,,
DEA2B,0,Rheinisch-Bergischer Kreis,,,,,,,,,,,,,,,,
DEA2C,8,Rhein-Sieg-Kreis,,,,,,,,,,,,,,,,
DEA2D,4,St�dteregion Aachen,,,,,,,,,,,,,,,,
DEA31,1,Bottrop,,,,,,,,,,,,,,,,
DEA32,2,Gelsenkirchen,,,,,,,,,,,,,,,,
DEA33,1,M�nster,,,,,,,,,,,,,,,,
DEA34,0,Borken,,,,,,,,,,,,,,,,
DEA35,1,Coesfeld,,,,,,,,,,,,,,,,
DEA36,3,Recklinghausen,,,,,,,,,,,,,,,,
DEA37,0,Steinfurt,,,,,,,,,,,,,,,,
DEA38,1,Warendorf,,,,,,,,,,,,,,,,
DEA41,1,Bielefeld,,,,,,,,,,,,,,,,
DEA42,2,G�tersloh,,,,,,,,,,,,,,,,
DEA43,1,Herford,,,,,,,,,,,,,,,,
DEA44,0,H�xter,,,,,,,,,,,,,,,,
DEA45,3,Lippe,,,,,,,,,,,,,,,,
DEA46,1,Minden-L�bbecke,,,,,,,,,,,,,,,,
DEA47,1,Paderborn,,,,,,,,,,,,,,,,
DEA51,0,Bochum,,,,,,,,,,,,,,,,
DEA52,4,Dortmund,,,,,,,,,,,,,,,,
DEA53,3,Hagen,,,,,,,,,,,,,,,,
DEA54,2,Hamm,,,,,,,,,,,,,,,,
DEA55,0,Herne,,,,,,,,,,,,,,,,
DEA56,1,Ennepe-Ruhr-Kreis,,,,,,,,,,,,,,,,
DEA57,1,Hochsauerlandkreis,,,,,,,,,,,,,,,,
DEA58,2,M�rkischer Kreis,,,,,,,,,,,,,,,,
DEA59,1,Olpe,,,,,,,,,,,,,,,,
DEA5A,1,Siegen-Wittgenstein,,,,,,,,,,,,,,,,
DEA5B,1,Soest,,,,,,,,,,,,,,,,
DEA5C,8,Unna,,,,,,,,,,,,,,,,
DEB11,1,Koblenz,,,,,,,,,,,,,,,,
DEB12,1,Ahrweiler,,,,,,,,,,,,,,,,
DEB13,0,Altenkirchen (Westerwald),,,,,,,,,,,,,,,,
DEB14,1,Bad Kreuznach,,,,,,,,,,,,,,,,
DEB15,0,Birkenfeld,,,,,,,,,,,,,,,,
DEB16,1,Cochem-Zell (NUTS 2013),,,,,,,,,,,,,,,,
DEB17,0,Mayen-Koblenz,,,,,,,,,,,,,,,,
DEB18,2,Neuwied,,,,,,,,,,,,,,,,
DEB19,,Rhein-Hunsr�ck-Kreis,,,,,,,,,,,,,,,,
DEB1A,0,Rhein-Lahn-Kreis,,,,,,,,,,,,,,,,
DEB1B,1,Westerwaldkreis,,,,,,,,,,,,,,,,
DEB21,1,Trier,,,,,,,,,,,,,,,,
DEB22,0,Bernkastel-Wittlich,,,,,,,,,,,,,,,,
DEB23,1,Eifelkreis Bitburg-Pr�m,,,,,,,,,,,,,,,,
DEB24,1,Vulkaneifel,,,,,,,,,,,,,,,,
DEB25,1,Trier-Saarburg,,,,,,,,,,,,,,,,
DEB31,0,Frankenthal (Pfalz),,,,,,,,,,,,,,,,
DEB32,0,Kaiserslautern,,,,,,,,,,,,,,,,
DEB33,1,Landau in der Pfalz,,,,,,,,,,,,,,,,
DEB34,2,Ludwigshafen am Rhein,,,,,,,,,,,,,,,,
DEB35,0,Mainz,,,,,,,,,,,,,,,,
DEB36,0,Neustadt an der Weinstra�e,,,,,,,,,,,,,,,,
DEB37,0,Pirmasens,,,,,,,,,,,,,,,,
DEB38,1,Speyer,,,,,,,,,,,,,,,,
DEB39,3,Worms,,,,,,,,,,,,,,,,
DEB3A,0,Zweibr�cken,,,,,,,,,,,,,,,,
DEB3B,2,Alzey-Worms,,,,,,,,,,,,,,,,
DEB3C,1,Bad D�rkheim,,,,,,,,,,,,,,,,
DEB3D,1,Donnersbergkreis,,,,,,,,,,,,,,,,
DEB3E,1,Germersheim,,,,,,,,,,,,,,,,
DEB3F,1,Kaiserslautern,,,,,,,,,,,,,,,,
DEB3G,2,Kusel,,,,,,,,,,,,,,,,
DEB3H,0,S�dliche Weinstra�e,,,,,,,,,,,,,,,,
DEB3I,0,Rhein-Pfalz-Kreis,,,,,,,,,,,,,,,,
DEB3J,1,Mainz-Bingen,,,,,,,,,,,,,,,,
DEB3K,0,S�dwestpfalz,,,,,,,,,,,,,,,,
DEC01,5,Regionalverband Saarbr�cken,,,,,,,,,,,,,,,,
DEC02,2,Merzig-Wadern,,,,,,,,,,,,,,,,
DEC03,0,Neunkirchen,,,,,,,,,,,,,,,,
DEC04,6,Saarlouis,,,,,,,,,,,,,,,,
DEC05,3,Saarpfalz-Kreis,,,,,,,,,,,,,,,,
DEC06,0,St. Wendel,,,,,,,,,,,,,,,,
DED21,16,Dresden,,,,,,,,,,,,,,,,
DED2C,3,Bautzen,,,,,,,,,,,,,,,,
DED2D,1,G�rlitz,,,,,,,,,,,,,,,,
DED2E,1,Mei�en,,,,,,,,,,,,,,,,
DED2F,1,S�chsische Schweiz-Osterzgebirge,,,,,,,,,,,,,,,,
DED41,1,Chemnitz,,,,,,,,,,,,,,,,
DED42,3,Erzgebirgskreis,,,,,,,,,,,,,,,,
DED43,0,Mittelsachsen,,,,,,,,,,,,,,,,
DED44,2,Vogtlandkreis,,,,,,,,,,,,,,,,
DED45,2,Zwickau,,,,,,,,,,,,,,,,
DED51,3,Leipzig,,,,,,,,,,,,,,,,
DED52,1,Leipzig,,,,,,,,,,,,,,,,
DED53,1,Nordsachsen,,,,,,,,,,,,,,,,
DEE01,1,Dessau-Ro�lau,,,,,,,,,,,,,,,,
DEE02,2,Halle (Saale),,,,,,,,,,,,,,,,
DEE03,4,Magdeburg,,,,,,,,,,,,,,,,
DEE04,4,Altmarkkreis Salzwedel,,,,,,,,,,,,,,,,
DEE05,1,Anhalt-Bitterfeld,,,,,,,,,,,,,,,,
DEE06,0,Jerichower Land,,,,,,,,,,,,,,,,
DEE07,3,B�rde,,,,,,,,,,,,,,,,
DEE08,,Burgenlandkreis (DE),,,,,,,,,,,,,,,,
DEE09,1,Harz,,,,,,,,,,,,,,,,
DEE0A,0,Mansfeld-S�dharz,,,,,,,,,,,,,,,,
DEE0B,1,Saalekreis,,,,,,,,,,,,,,,,
DEE0C,3,Salzlandkreis,,,,,,,,,,,,,,,,
DEE0D,3,Stendal,,,,,,,,,,,,,,,,
DEE0E,2,Wittenberg,,,,,,,,,,,,,,,,
DEF01,0,Flensburg,,,,,,,,,,,,,,,,
DEF02,2,Kiel,,,,,,,,,,,,,,,,
DEF03,3,L�beck,,,,,,,,,,,,,,,,
DEF04,0,Neum�nster,,,,,,,,,,,,,,,,
DEF05,1,Dithmarschen,,,,,,,,,,,,,,,,
DEF06,1,Herzogtum Lauenburg,,,,,,,,,,,,,,,,
DEF07,1,Nordfriesland,,,,,,,,,,,,,,,,
DEF08,0,Ostholstein,,,,,,,,,,,,,,,,
DEF09,1,Pinneberg,,,,,,,,,,,,,,,,
DEF0A,0,Pl�n,,,,,,,,,,,,,,,,
DEF0B,1,Rendsburg-Eckernf�rde,,,,,,,,,,,,,,,,
DEF0C,23,Schleswig-Flensburg,,,,,,,,,,,,,,,,
DEF0D,1,Segeberg,,,,,,,,,,,,,,,,
DEF0E,0,Steinburg,,,,,,,,,,,,,,,,
DEF0F,1,Stormarn,,,,,,,,,,,,,,,,
DEG01,0,Erfurt,,,,,,,,,,,,,,,,
DEG02,1,Gera,,,,,,,,,,,,,,,,
DEG03,3,Jena,,,,,,,,,,,,,,,,
DEG04,2,Suhl,,,,,,,,,,,,,,,,
DEG05,0,Weimar,,,,,,,,,,,,,,,,
DEG06,1,Eichsfeld,,,,,,,,,,,,,,,,
DEG07,1,Nordhausen,,,,,,,,,,,,,,,,
DEG09,6,Unstrut-Hainich-Kreis,,,,,,,,,,,,,,,,
DEG0A,0,Kyffh�userkreis,,,,,,,,,,,,,,,,
DEG0B,1,Schmalkalden-Meiningen,,,,,,,,,,,,,,,,
DEG0C,2,Gotha,,,,,,,,,,,,,,,,
DEG0D,0,S�mmerda,,,,,,,,,,,,,,,,
DEG0E,1,Hildburghausen,,,,,,,,,,,,,,,,
DEG0F,0,Ilm-Kreis,,,,,,,,,,,,,,,,
DEG0G,0,Weimarer Land,,,,,,,,,,,,,,,,
DEG0H,1,Sonneberg,,,,,,,,,,,,,,,,
DEG0I,0,Saalfeld-Rudolstadt,,,,,,,,,,,,,,,,
DEG0J,2,Saale-Holzland-Kreis,,,,,,,,,,,,,,,,
DEG0K,2,Saale-Orla-Kreis,,,,,,,,,,,,,,,,
DEG0L,0,Greiz,,,,,,,,,,,,,,,,
DEG0M,4,Altenburger Land,,,,,,,,,,,,,,,,
DEG0N,0,Eisenach,,,,,,,,,,,,,,,,
DEG0P,0,Wartburgkreis,,,,,,,,,,,,,,,,
DEZZZ,0,Extra-Regio NUTS 3,,,,,,,,,,,,,,,,
EE,83,Estonia,,,,,,,,,,,,,,,,
EE001,35,P�hja-Eesti,,,,,,,,,,,,,,,,
EE004,9,L��ne-Eesti,,,,,,,,,,,,,,,,
EE006,5,Kesk-Eesti,,,,,,,,,,,,,,,,
EE007,14,Kirde-Eesti,,,,,,,,,,,,,,,,
EE008,20,L�una-Eesti,,,,,,,,,,,,,,,,
EEZZZ,0,Extra-Regio NUTS 3,,,,,,,,,,,,,,,,
IE,58,IRELAND,,,,,,,,,,,,,,,,
IE011,,Border,,,,,,,,,,,,,,,,
IE012,,Midland,,,,,,,,,,,,,,,,
IE013,,West,,,,,,,,,,,,,,,,
IE021,,Dublin,,,,,,,,,,,,,,,,
IE022,,Mid-East,,,,,,,,,,,,,,,,
IE023,,Mid-West,,,,,,,,,,,,,,,,
IE024,,South-East (IE),,,,,,,,,,,,,,,,
IE025,,South-West (IE),,,,,,,,,,,,,,,,
IEZZZ,0,Extra-Regio NUTS 3,,,,,,,,,,,,,,,,
EL,176,Greece,,,,,,,,,,,,,,,,
EL301,,??????? ?????? ?????? (Voreios Tomeas Athinon),,,,,,,,,,,,,,,,
EL302,,??????? ?????? ?????? (Dytikos Tomeas Athinon),,,,,,,,,,,,,,,,
EL303,,????????? ?????? ?????? (Kentrikos Tomeas Athinon),,,,,,,,,,,,,,,,
EL304,,?????? ?????? ?????? (Notios Tomeas Athinon),,,,,,,,,,,,,,,,
EL305,,????????? ?????? (Anatoliki Attiki),,,,,,,,,,,,,,,,
EL306,,?????? ?????? (Dytiki Attiki),,,,,,,,,,,,,,,,
EL307,,????????,,,,,,,,,,,,,,,,
EL411,,??????,,,,,,,,,,,,,,,,
EL412,,??????,,,,,,,,,,,,,,,,
EL413,,???? (Chios),,,,,,,,,,,,,,,,
EL421,,????????,,,, Karpathos, Kos, Rodos),,,,,,,,,,
EL422,,??????,,,, ???????, ?????, ?????, ?????, ????? (Andros, Thira, Kea, Milos, Mykonos, Naxos, Paros, Syros, Tinos)
EL431,,???????? (Irakleio),,,,,,,,,,,,,,,,
EL432,,?????? (Lasithi),,,,,,,,,,,,,,,,
EL433,,??????? (Rethymni),,,,,,,,,,,,,,,,
EL434,,????? (Chania),,,,,,,,,,,,,,,,
EL511,,????? (Evros),,,,,,,,,,,,,,,,
EL512,,????? (Xanthi),,,,,,,,,,,,,,,,
EL513,,?????? (Rodopi),,,,,,,,,,,,,,,,
EL514,,????? (Drama),,,,,,,,,,,,,,,,
EL515,,?????,,,,,,,,,,,,,,,,
EL521,,?????? (Imathia),,,,,,,,,,,,,,,,
EL522,,??????????? (Thessaloniki),,,,,,,,,,,,,,,,
EL523,,?????? (Kilkis),,,,,,,,,,,,,,,,
EL524,,????? (Pella),,,,,,,,,,,,,,,,
EL525,,?????? (Pieria),,,,,,,,,,,,,,,,
EL526,,?????? (Serres),,,,,,,,,,,,,,,,
EL527,,????????? (Chalkidiki),,,,,,,,,,,,,,,,
EL531,,???????,,,,,,,,,,,,,,,,
EL532,,???????? (Kastoria),,,,,,,,,,,,,,,,
EL533,,??????? (Florina),,,,,,,,,,,,,,,,
EL541,,????,,,,,,,,,,,,,,,,
EL542,,????????? (Thesprotia),,,,,,,,,,,,,,,,
EL543,,???????? (Ioannina),,,,,,,,,,,,,,,,
EL611,,????????,,,,,,,,,,,,,,,,
EL612,,?????? (Larisa),,,,,,,,,,,,,,,,
EL613,,????????,,,,,,,,,,,,,,,,
EL621,,???????? (Zakynthos),,,,,,,,,,,,,,,,
EL622,,??????? (Kerkyra),,,,,,,,,,,,,,,,
EL623,,?????,,,,,,,,,,,,,,,,
EL624,,??????? (Lefkada),,,,,,,,,,,,,,,,
EL631,,??????????????? (Aitoloakarnania),,,,,,,,,,,,,,,,
EL632,,????? (Achaia),,,,,,,,,,,,,,,,
EL633,,????? (Ileia),,,,,,,,,,,,,,,,
EL641,,??????? (Voiotia),,,,,,,,,,,,,,,,
EL642,,?????? (Evvoia),,,,,,,,,,,,,,,,
EL643,,????????? (Evrytania),,,,,,,,,,,,,,,,
EL644,,???????? (Fthiotida),,,,,,,,,,,,,,,,
EL645,,?????? (Fokida),,,,,,,,,,,,,,,,
EL651,,????????,,,,,,,,,,,,,,,,
EL652,,???????? (Korinthia),,,,,,,,,,,,,,,,
EL653,,???????,,,,,,,,,,,,,,,,
ELZZZ,0,Extra-Regio NUTS 3,,,,,,,,,,,,,,,,
ES,401,Spain,,,,,,,,,,,,,,,,
ES111,8,A Coru�a,,,,,,,,,,,,,,,,
ES112,1,Lugo,,,,,,,,,,,,,,,,
ES113,2,Ourense,,,,,,,,,,,,,,,,
ES114,6,Pontevedra,,,,,,,,,,,,,,,,
ES120,19,Asturias,,,,,,,,,,,,,,,,
ES130,2,Cantabria,,,,,,,,,,,,,,,,
ES211,1,Araba/�lava,,,,,,,,,,,,,,,,
ES212,4,Gipuzkoa,,,,,,,,,,,,,,,,
ES213,5,Bizkaia,,,,,,,,,,,,,,,,
ES220,3,Navarra,,,,,,,,,,,,,,,,
ES230,2,La Rioja,,,,,,,,,,,,,,,,
ES241,1,Huesca,,,,,,,,,,,,,,,,
ES242,0,Teruel,,,,,,,,,,,,,,,,
ES243,9,Zaragoza,,,,,,,,,,,,,,,,
ES300,51,Madrid,,,,,,,,,,,,,,,,
ES411,0,�vila,,,,,,,,,,,,,,,,
ES412,4,Burgos,,,,,,,,,,,,,,,,
ES413,0,Le�n,,,,,,,,,,,,,,,,
ES414,1,Palencia,,,,,,,,,,,,,,,,
ES415,1,Salamanca,,,,,,,,,,,,,,,,
ES416,0,Segovia,,,,,,,,,,,,,,,,
ES417,1,Soria,,,,,,,,,,,,,,,,
ES418,3,Valladolid,,,,,,,,,,,,,,,,
ES419,0,Zamora,,,,,,,,,,,,,,,,
ES421,2,Albacete,,,,,,,,,,,,,,,,
ES422,3,Ciudad Real,,,,,,,,,,,,,,,,
ES423,2,Cuenca,,,,,,,,,,,,,,,,
ES424,1,Guadalajara,,,,,,,,,,,,,,,,
ES425,4,Toledo,,,,,,,,,,,,,,,,
ES431,2,Badajoz,,,,,,,,,,,,,,,,
ES432,1,C�ceres,,,,,,,,,,,,,,,,
ES511,56,Barcelona,,,,,,,,,,,,,,,,
ES512,27,Girona,,,,,,,,,,,,,,,,
ES513,2,Lleida,,,,,,,,,,,,,,,,
ES514,12,Tarragona,,,,,,,,,,,,,,,,
ES521,17,Alicante / Alacant,,,,,,,,,,,,,,,,
ES522,6,Castell�n / Castell�,,,,,,,,,,,,,,,,
ES523,23,Valencia / Val�ncia,,,,,,,,,,,,,,,,
ES531,0,Eivissa,,,,,,,,,,,,,,,,
ES532,5,Mallorca,,,,,,,,,,,,,,,,
ES533,1,Menorca,,,,,,,,,,,,,,,,
ES611,19,Almer�a,,,,,,,,,,,,,,,,
ES612,13,C�diz,,,,,,,,,,,,,,,,
ES613,3,C�rdoba,,,,,,,,,,,,,,,,
ES614,6,Granada,,,,,,,,,,,,,,,,
ES615,2,Huelva,,,,,,,,,,,,,,,,
ES616,3,Ja�n,,,,,,,,,,,,,,,,
ES617,15,M�laga,,,,,,,,,,,,,,,,
ES618,17,Sevilla,,,,,,,,,,,,,,,,
ES620,15,Murcia,,,,,,,,,,,,,,,,
ES630,1,Ciudad Aut�noma de Ceuta (ES),,,,,,,,,,,,,,,,
ES640,0,Ciudad Aut�noma de Melilla (ES),,,,,,,,,,,,,,,,
ES703,0,El Hierro,,,,,,,,,,,,,,,,
ES704,1,Fuerteventura,,,,,,,,,,,,,,,,
ES705,3,Gran Canaria,,,,,,,,,,,,,,,,
ES706,0,La Gomera,,,,,,,,,,,,,,,,
ES707,1,La Palma,,,,,,,,,,,,,,,,
ES708,0,Lanzarote,,,,,,,,,,,,,,,,
ES709,12,Tenerife,,,,,,,,,,,,,,,,
ESZZZ,0,Extra-Regio NUTS 3,,,,,,,,,,,,,,,,
FR,675,FRANCE,,,,,,,,,,,,,,,,
FR101,42,Paris,,,,,,,,,,,,,,,,
FR102,6,Seine-et-Marne,,,,,,,,,,,,,,,,
FR103,10,Yvelines,,,,,,,,,,,,,,,,
FR104,7,Essonne,,,,,,,,,,,,,,,,
FR105,19,Hauts-de-Seine,,,,,,,,,,,,,,,,
FR106,18,Seine-Saint-Denis,,,,,,,,,,,,,,,,
FR107,22,Val-de-Marne,,,,,,,,,,,,,,,,
FR108,15,Val-d'Oise,,,,,,,,,,,,,,,,
FR211,2,Ardennes (NUTS 2013),,,,,,,,,,,,,,,,
FR212,2,Aube (NUTS 2013),,,,,,,,,,,,,,,,
FR213,6,Marne (NUTS 2013),,,,,,,,,,,,,,,,
FR214,3,Haute-Marne (NUTS 2013),,,,,,,,,,,,,,,,
FR221,8,Aisne (NUTS 2013),,,,,,,,,,,,,,,,
FR222,5,Oise (NUTS 2013),,,,,,,,,,,,,,,,
FR223,5,Somme (NUTS 2013),,,,,,,,,,,,,,,,
FR231,9,Eure (NUTS 2013),,,,,,,,,,,,,,,,
FR232,20,Seine-Maritime (NUTS 2013),,,,,,,,,,,,,,,,
FR241,3,Cher (NUTS 2013),,,,,,,,,,,,,,,,
FR242,5,Eure-et-Loir (NUTS 2013),,,,,,,,,,,,,,,,
FR243,1,Indre (NUTS 2013),,,,,,,,,,,,,,,,
FR244,3,Indre-et-Loire (NUTS 2013),,,,,,,,,,,,,,,,
FR245,6,Loir-et-Cher (NUTS 2013),,,,,,,,,,,,,,,,
FR246,7,Loiret (NUTS 2013),,,,,,,,,,,,,,,,
FR251,3,Calvados (NUTS 2013),,,,,,,,,,,,,,,,
FR252,1,Manche (NUTS 2013),,,,,,,,,,,,,,,,
FR253,6,Orne (NUTS 2013),,,,,,,,,,,,,,,,
FR261,1,C�te-d'Or (NUTS 2013),,,,,,,,,,,,,,,,
FR262,1,Ni�vre (NUTS 2013),,,,,,,,,,,,,,,,
FR263,9,Sa�ne-et-Loire (NUTS 2013),,,,,,,,,,,,,,,,
FR264,3,Yonne (NUTS 2013),,,,,,,,,,,,,,,,
FR301,21,Nord (FR) (NUTS 2013),,,,,,,,,,,,,,,,
FR302,10,Pas-de-Calais (NUTS 2013),,,,,,,,,,,,,,,,
FR411,4,Meurthe-et-Moselle (NUTS 2013),,,,,,,,,,,,,,,,
FR412,0,Meuse (NUTS 2013),,,,,,,,,,,,,,,,
FR413,12,Moselle (NUTS 2013),,,,,,,,,,,,,,,,
FR414,1,Vosges (NUTS 2013),,,,,,,,,,,,,,,,
FR421,14,Bas-Rhin (NUTS 2013),,,,,,,,,,,,,,,,
FR422,6,Haut-Rhin (NUTS 2013),,,,,,,,,,,,,,,,
FR431,3,Doubs (NUTS 2013),,,,,,,,,,,,,,,,
FR432,0,Jura,,,,,,,,,,,,,,,,
FR433,0,Haute-Sa�ne (NUTS 2013),,,,,,,,,,,,,,,,
FR434,3,Territoire de Belfort (NUTS 2013),,,,,,,,,,,,,,,,
FR511,6,Loire-Atlantique (NUTS 2013),,,,,,,,,,,,,,,,
FR512,4,Maine-et-Loire (NUTS 2013),,,,,,,,,,,,,,,,
FR513,4,Mayenne (NUTS 2013),,,,,,,,,,,,,,,,
FR514,2,Sarthe (NUTS 2013),,,,,,,,,,,,,,,,
FR515,10,Vend�e (NUTS 2013),,,,,,,,,,,,,,,,
FR521,5,C�tes-d'Armor (NUTS 2013),,,,,,,,,,,,,,,,
FR522,13,Finist�re (NUTS 2013),,,,,,,,,,,,,,,,
FR523,9,Ille-et-Vilaine (NUTS 2013),,,,,,,,,,,,,,,,
FR524,4,Morbihan (NUTS 2013),,,,,,,,,,,,,,,,
FR531,2,Charente (NUTS 2013),,,,,,,,,,,,,,,,
FR532,2,Charente-Maritime (NUTS 2013),,,,,,,,,,,,,,,,
FR533,2,Deux-S�vres (NUTS 2013),,,,,,,,,,,,,,,,
FR534,2,Vienne (NUTS 2013),,,,,,,,,,,,,,,,
FR611,1,Dordogne (NUTS 2013),,,,,,,,,,,,,,,,
FR612,18,Gironde (NUTS 2013),,,,,,,,,,,,,,,,
FR613,5,Landes (NUTS 2013),,,,,,,,,,,,,,,,
FR614,9,Lot-et-Garonne (NUTS 2013),,,,,,,,,,,,,,,,
FR615,3,Pyr�n�es-Atlantiques (NUTS 2013),,,,,,,,,,,,,,,,
FR621,2,Ari�ge (NUTS 2013),,,,,,,,,,,,,,,,
FR622,3,Aveyron (NUTS 2013),,,,,,,,,,,,,,,,
FR623,13,Haute-Garonne (NUTS 2013),,,,,,,,,,,,,,,,
FR624,0,Gers (NUTS 2013),,,,,,,,,,,,,,,,
FR625,2,Lot (NUTS 2013),,,,,,,,,,,,,,,,
FR626,1,Hautes-Pyr�n�es (NUTS 2013),,,,,,,,,,,,,,,,
FR627,2,Tarn (NUTS 2013),,,,,,,,,,,,,,,,
FR628,1,Tarn-et-Garonne (NUTS 2013),,,,,,,,,,,,,,,,
FR631,3,Corr�ze (NUTS 2013),,,,,,,,,,,,,,,,
FR632,0,Creuse (NUTS 2013),,,,,,,,,,,,,,,,
FR633,3,Haute-Vienne (NUTS 2013),,,,,,,,,,,,,,,,
FR711,7,Ain (NUTS 2013),,,,,,,,,,,,,,,,
FR712,5,Ard�che (NUTS 2013),,,,,,,,,,,,,,,,
FR713,4,Dr�me (NUTS 2013),,,,,,,,,,,,,,,,
FR714,20,Is�re (NUTS 2013),,,,,,,,,,,,,,,,
FR715,3,Loire (NUTS 2013),,,,,,,,,,,,,,,,
FR716,8,Rh�ne (NUTS 2013),,,,,,,,,,,,,,,,
FR717,1,Savoie (NUTS 2013),,,,,,,,,,,,,,,,
FR718,4,Haute-Savoie (NUTS 2013),,,,,,,,,,,,,,,,
FR721,3,Allier (NUTS 2013),,,,,,,,,,,,,,,,
FR722,3,Cantal (NUTS 2013),,,,,,,,,,,,,,,,
FR723,0,Haute-Loire (NUTS 2013),,,,,,,,,,,,,,,,
FR724,8,Puy-de-D�me (NUTS 2013),,,,,,,,,,,,,,,,
FR811,5,Aude (NUTS 2013),,,,,,,,,,,,,,,,
FR812,3,Gard (NUTS 2013),,,,,,,,,,,,,,,,
FR813,19,H�rault (NUTS 2013),,,,,,,,,,,,,,,,
FR814,0,Loz�re (NUTS 2013),,,,,,,,,,,,,,,,
FR815,10,Pyr�n�es-Orientales (NUTS 2013),,,,,,,,,,,,,,,,
FR821,3,Alpes-de-Haute-Provence (NUTS 2013),,,,,,,,,,,,,,,,
FR822,3,Hautes-Alpes (NUTS 2013),,,,,,,,,,,,,,,,
FR823,31,Alpes-Maritimes (NUTS 2013),,,,,,,,,,,,,,,,
FR824,46,Bouches-du-Rh�ne (NUTS 2013),,,,,,,,,,,,,,,,
FR825,9,Var (NUTS 2013),,,,,,,,,,,,,,,,
FR826,3,Vaucluse (NUTS 2013),,,,,,,,,,,,,,,,
FR831,13,Corse-du-Sud (NUTS 2013),,,,,,,,,,,,,,,,
FR832,6,Haute-Corse (NUTS 2013),,,,,,,,,,,,,,,,
FRA10,,Guadeloupe (NUTS 2013),,,,,,,,,,,,,,,,
FRA20,,Martinique (NUTS 2013),,,,,,,,,,,,,,,,
FRA30,,Guyane (NUTS 2013),,,,,,,,,,,,,,,,
FRA40,,La R�union (NUTS 2013),,,,,,,,,,,,,,,,
FRA50,,Mayotte (NUTS 2013),,,,,,,,,,,,,,,,
FRZZZ,0,Extra-Regio NUTS 3,,,,,,,,,,,,,,,,
HR,73,Croatia,,,,,,,,,,,,,,,,
HR031,3,Primorsko-goranska zupanija,,,,,,,,,,,,,,,,
HR032,1,Licko-senjska zupanija,,,,,,,,,,,,,,,,
HR033,5,Zadarska zupanija,,,,,,,,,,,,,,,,
HR034,0,Sibensko-kninska zupanija,,,,,,,,,,,,,,,,
HR035,5,Splitsko-dalmatinska zupanija,,,,,,,,,,,,,,,,
HR036,6,Istarska zupanija,,,,,,,,,,,,,,,,
HR037,1,Dubrovacko-neretvanska zupanija,,,,,,,,,,,,,,,,
HR041,12,Grad Zagreb,,,,,,,,,,,,,,,,
HR042,3,Zagrebacka zupanija,,,,,,,,,,,,,,,,
HR043,0,Krapinsko-zagorska zupanija,,,,,,,,,,,,,,,,
HR044,2,Varazdinska zupanija,,,,,,,,,,,,,,,,
HR045,1,Koprivnicko-krizevacka zupanija,,,,,,,,,,,,,,,,
HR046,3,Medimurska zupanija,,,,,,,,,,,,,,,,
HR047,2,Bjelovarsko-bilogorska zupanija,,,,,,,,,,,,,,,,
HR048,3,Viroviticko-podravska zupanija,,,,,,,,,,,,,,,,
HR049,3,Pozesko-slavonska zupanija,,,,,,,,,,,,,,,,
HR04A,6,Brodsko-posavska zupanija,,,,,,,,,,,,,,,,
HR04B,6,Osjecko-baranjska zupanija,,,,,,,,,,,,,,,,
HR04C,5,Vukovarsko-srijemska zupanija,,,,,,,,,,,,,,,,
HR04D,2,Karlovacka zupanija,,,,,,,,,,,,,,,,
HR04E,4,Sisacko-moslavacka zupanija,,,,,,,,,,,,,,,,
HRZZZ,0,Extra-Regio NUTS 3,,,,,,,,,,,,,,,,
IT,567,Italy,,,,,,,,,,,,,,,,
ITC11,42,Torino,,,,,,,,,,,,,,,,
ITC12,42,Vercelli,,,,,,,,,,,,,,,,
ITC13,42,Biella,,,,,,,,,,,,,,,,
ITC14,42,Verbano-Cusio-Ossola,,,,,,,,,,,,,,,,
ITC15,42,Novara,,,,,,,,,,,,,,,,
ITC16,42,Cuneo,,,,,,,,,,,,,,,,
ITC17,42,Asti,,,,,,,,,,,,,,,,
ITC18,42,Alessandria,,,,,,,,,,,,,,,,
ITC20,0,Valle d'Aosta/Vall�e d'Aoste,,,,,,,,,,,,,,,,
ITC31,21,Imperia,,,,,,,,,,,,,,,,
ITC32,21,Savona,,,,,,,,,,,,,,,,
ITC33,21,Genova,,,,,,,,,,,,,,,,
ITC34,21,La Spezia,,,,,,,,,,,,,,,,
ITC41,66,Varese,,,,,,,,,,,,,,,,
ITC42,66,Como,,,,,,,,,,,,,,,,
ITC43,66,Lecco,,,,,,,,,,,,,,,,
ITC44,66,Sondrio,,,,,,,,,,,,,,,,
ITC46,66,Bergamo,,,,,,,,,,,,,,,,
ITC47,66,Brescia,,,,,,,,,,,,,,,,
ITC48,66,Pavia,,,,,,,,,,,,,,,,
ITC49,66,Lodi,,,,,,,,,,,,,,,,
ITC4A,66,Cremona,,,,,,,,,,,,,,,,
ITC4B,66,Mantova,,,,,,,,,,,,,,,,
ITC4C,66,Milano,,,,,,,,,,,,,,,,
ITC4D,66,Monza e della Brianza,,,,,,,,,,,,,,,,
ITF11,8,L'Aquila,,,,,,,,,,,,,,,,
ITF12,8,Teramo,,,,,,,,,,,,,,,,
ITF13,8,Pescara,,,,,,,,,,,,,,,,
ITF14,8,Chieti,,,,,,,,,,,,,,,,
ITF21,3,Isernia,,,,,,,,,,,,,,,,
ITF22,3,Campobasso,,,,,,,,,,,,,,,,
ITF31,67,Caserta,,,,,,,,,,,,,,,,
ITF32,67,Benevento,,,,,,,,,,,,,,,,
ITF33,67,Napoli,,,,,,,,,,,,,,,,
ITF34,67,Avellino,,,,,,,,,,,,,,,,
ITF35,67,Salerno,,,,,,,,,,,,,,,,
ITF43,64,Taranto,,,,,,,,,,,,,,,,
ITF44,64,Brindisi,,,,,,,,,,,,,,,,
ITF45,64,Lecce,,,,,,,,,,,,,,,,
ITF46,64,Foggia,,,,,,,,,,,,,,,,
ITF47,64,Bari,,,,,,,,,,,,,,,,
ITF48,64,Barletta-Andria-Trani,,,,,,,,,,,,,,,,
ITF51,7,Potenza,,,,,,,,,,,,,,,,
ITF52,7,Matera,,,,,,,,,,,,,,,,
ITF61,63,Cosenza,,,,,,,,,,,,,,,,
ITF62,63,Crotone,,,,,,,,,,,,,,,,
ITF63,63,Catanzaro,,,,,,,,,,,,,,,,
ITF64,63,Vibo Valentia,,,,,,,,,,,,,,,,
ITF65,63,Reggio di Calabria,,,,,,,,,,,,,,,,
ITG11,65,Trapani,,,,,,,,,,,,,,,,
ITG12,65,Palermo,,,,,,,,,,,,,,,,
ITG13,65,Messina,,,,,,,,,,,,,,,,
ITG14,65,Agrigento,,,,,,,,,,,,,,,,
ITG15,65,Caltanissetta,,,,,,,,,,,,,,,,
ITG16,65,Enna,,,,,,,,,,,,,,,,
ITG17,65,Catania,,,,,,,,,,,,,,,,
ITG18,65,Ragusa,,,,,,,,,,,,,,,,
ITG19,65,Siracusa,,,,,,,,,,,,,,,,
ITG25,16,Sassari,,,,,,,,,,,,,,,,
ITG26,16,Nuoro,,,,,,,,,,,,,,,,
ITG27,16,Cagliari,,,,,,,,,,,,,,,,
ITG28,16,Oristano,,,,,,,,,,,,,,,,
ITG29,16,Olbia-Tempio,,,,,,,,,,,,,,,,
ITG2A,16,Ogliastra,,,,,,,,,,,,,,,,
ITG2B,16,Medio Campidano,,,,,,,,,,,,,,,,
ITG2C,16,Carbonia-Iglesias,,,,,,,,,,,,,,,,
ITH10,3,Bolzano-Bozen,,,,,,,,,,,,,,,,
ITH20,2,Trento,,,,,,,,,,,,,,,,
ITH31,19,Verona,,,,,,,,,,,,,,,,
ITH32,19,Vicenza,,,,,,,,,,,,,,,,
ITH33,19,Belluno,,,,,,,,,,,,,,,,
ITH34,19,Treviso,,,,,,,,,,,,,,,,
ITH35,19,Venezia,,,,,,,,,,,,,,,,
ITH36,19,Padova,,,,,,,,,,,,,,,,
ITH37,19,Rovigo,,,,,,,,,,,,,,,,
ITH41,6,Pordenone,,,,,,,,,,,,,,,,
ITH42,6,Udine,,,,,,,,,,,,,,,,
ITH43,6,Gorizia,,,,,,,,,,,,,,,,
ITH44,6,Trieste,,,,,,,,,,,,,,,,
ITH51,28,Piacenza,,,,,,,,,,,,,,,,
ITH52,28,Parma,,,,,,,,,,,,,,,,
ITH53,28,Reggio nell'Emilia,,,,,,,,,,,,,,,,
ITH54,28,Modena,,,,,,,,,,,,,,,,
ITH55,28,Bologna,,,,,,,,,,,,,,,,
ITH56,28,Ferrara,,,,,,,,,,,,,,,,
ITH57,28,Ravenna,,,,,,,,,,,,,,,,
ITH58,28,Forl�-Cesena,,,,,,,,,,,,,,,,
ITH59,28,Rimini,,,,,,,,,,,,,,,,
ITI11,37,Massa-Carrara,,,,,,,,,,,,,,,,
ITI12,37,Lucca,,,,,,,,,,,,,,,,
ITI13,37,Pistoia,,,,,,,,,,,,,,,,
ITI14,37,Firenze,,,,,,,,,,,,,,,,
ITI15,37,Prato,,,,,,,,,,,,,,,,
ITI16,37,Livorno,,,,,,,,,,,,,,,,
ITI17,37,Pisa,,,,,,,,,,,,,,,,
ITI18,37,Arezzo,,,,,,,,,,,,,,,,
ITI19,37,Siena,,,,,,,,,,,,,,,,
ITI1A,37,Grosseto,,,,,,,,,,,,,,,,
ITI21,4,Perugia,,,,,,,,,,,,,,,,
ITI22,4,Terni,,,,,,,,,,,,,,,,
ITI31,10,Pesaro e Urbino,,,,,,,,,,,,,,,,
ITI32,10,Ancona,,,,,,,,,,,,,,,,
ITI33,10,Macerata,,,,,,,,,,,,,,,,
ITI34,10,Ascoli Piceno,,,,,,,,,,,,,,,,
ITI35,10,Fermo,,,,,,,,,,,,,,,,
ITI41,36,Viterbo,,,,,,,,,,,,,,,,
ITI42,36,Rieti,,,,,,,,,,,,,,,,
ITI43,36,Roma,,,,,,,,,,,,,,,,
ITI44,36,Latina,,,,,,,,,,,,,,,,
ITI45,36,Frosinone,,,,,,,,,,,,,,,,
ITZZZ,0,Extra-Regio NUTS 3,,,,,,,,,,,,,,,,
CY,7,Cyprus,,,,,,,,,,,,,,,,
CY000,7,Cyprus,,,,,,,,,,,,,,,,
CYZZZ,0,Extra-Regio NUTS 3,,,,,,,,,,,,,,,,
LV,82,LATVIJA,,,,,,,,,,,,,,,,
LV003,5,Kurzeme,,,,,,,,,,,,,,,,
LV005,18,Latgale,,,,,,,,,,,,,,,,
LV006,26,Riga,,,,,,,,,,,,,,,,
LV007,13,Pieriga,,,,,,,,,,,,,,,,
LV008,6,Vidzeme,,,,,,,,,,,,,,,,
LV009,13,Zemgale,,,,,,,,,,,,,,,,
LVZZZ,0,Extra-Regio NUTS 3,,,,,,,,,,,,,,,,
LT,217,Lietuva,,,,,,,,,,,,,,,,
LT001,17,Alytaus apskritis (NUTS 2013),,,,,,,,,,,,,,,,
LT002,56,Kauno apskritis (NUTS 2013),,,,,,,,,,,,,,,,
LT003,28,Klaipedos apskritis (NUTS 2013),,,,,,,,,,,,,,,,
LT004,10,Marijampoles apskritis (NUTS 2013),,,,,,,,,,,,,,,,
LT005,19,Panevezio apskritis (NUTS 2013),,,,,,,,,,,,,,,,
LT006,16,Siauliu apskritis (NUTS 2013),,,,,,,,,,,,,,,,
LT007,4,Taurages apskritis (NUTS 2013),,,,,,,,,,,,,,,,
LT008,6,Telsiu apskritis (NUTS 2013),,,,,,,,,,,,,,,,
LT009,13,Utenos apskritis (NUTS 2013),,,,,,,,,,,,,,,,
LT00A,48,Vilniaus apskritis (NUTS 2013),,,,,,,,,,,,,,,,
LTZZZ,0,Extra-Regio NUTS 3,,,,,,,,,,,,,,,,
LU,8,Luxembourg,,,,,,,,,,,,,,,,
LU000,8,Luxembourg,,,,,,,,,,,,,,,,
LUZZZ,0,Extra-Regio NUTS 3,,,,,,,,,,,,,,,,
HU,132,Hungary,,,,,,,,,,,,,,,,
HU101,32,Budapest (NUTS 2013),,,,,,,,,,,,,,,,
HU102,23,Pest (NUTS 2013),,,,,,,,,,,,,,,,
HU211,3,Fej�r,,,,,,,,,,,,,,,,
HU212,7,Kom�rom-Esztergom,,,,,,,,,,,,,,,,
HU213,1,Veszpr�m,,,,,,,,,,,,,,,,
HU221,2,Gyor-Moson-Sopron,,,,,,,,,,,,,,,,
HU222,3,Vas,,,,,,,,,,,,,,,,
HU223,3,Zala,,,,,,,,,,,,,,,,
HU231,6,Baranya,,,,,,,,,,,,,,,,
HU232,5,Somogy,,,,,,,,,,,,,,,,
HU233,2,Tolna,,,,,,,,,,,,,,,,
HU311,8,Borsod-Aba�j-Zempl�n,,,,,,,,,,,,,,,,
HU312,1,Heves,,,,,,,,,,,,,,,,
HU313,3,N�gr�d,,,,,,,,,,,,,,,,
HU321,5,Hajd�-Bihar,,,,,,,,,,,,,,,,
HU322,4,J�sz-Nagykun-Szolnok,,,,,,,,,,,,,,,,
HU323,7,Szabolcs-Szatm�r-Bereg,,,,,,,,,,,,,,,,
HU331,11,B�cs-Kiskun,,,,,,,,,,,,,,,,
HU332,3,B�k�s,,,,,,,,,,,,,,,,
HU333,3,Csongr�d,,,,,,,,,,,,,,,,
HUZZZ,0,Extra-Regio NUTS 3,,,,,,,,,,,,,,,,
MT,4,MALTA,,,,,,,,,,,,,,,,
MT001,4,Malta,,,,,,,,,,,,,,,,
MT002,0,Gozo and Comino / Ghawdex u Kemmuna,,,,,,,,,,,,,,,,
MTZZZ,0,Extra-Regio NUTS 3,,,,,,,,,,,,,,,,
NL,144,Netherlands,,,,,,,,,,,,,,,,
NL111,,Oost-Groningen,,,,,,,,,,,,,,,,
NL112,,Delfzijl en omgeving,,,,,,,,,,,,,,,,
NL113,,Overig Groningen,,,,,,,,,,,,,,,,
NL121,,Noord-Friesland (NUTS 2013),,,,,,,,,,,,,,,,
NL122,,Zuidwest-Friesland (NUTS 2013),,,,,,,,,,,,,,,,
NL123,,Zuidoost-Friesland (NUTS 2013),,,,,,,,,,,,,,,,
NL131,,Noord-Drenthe,,,,,,,,,,,,,,,,
NL132,,Zuidoost-Drenthe,,,,,,,,,,,,,,,,
NL133,,Zuidwest-Drenthe,,,,,,,,,,,,,,,,
NL211,,Noord-Overijssel,,,,,,,,,,,,,,,,
NL212,,Zuidwest-Overijssel,,,,,,,,,,,,,,,,
NL213,,Twente,,,,,,,,,,,,,,,,
NL221,,Veluwe,,,,,,,,,,,,,,,,
NL224,,Zuidwest-Gelderland,,,,,,,,,,,,,,,,
NL225,,Achterhoek,,,,,,,,,,,,,,,,
NL226,,Arnhem/Nijmegen,,,,,,,,,,,,,,,,
NL230,,Flevoland,,,,,,,,,,,,,,,,
NL310,,Utrecht,,,,,,,,,,,,,,,,
NL321,,Kop van Noord-Holland,,,,,,,,,,,,,,,,
NL322,,Alkmaar en omgeving (NUTS 2013),,,,,,,,,,,,,,,,
NL323,,IJmond,,,,,,,,,,,,,,,,
NL324,,Agglomeratie Haarlem,,,,,,,,,,,,,,,,
NL325,,Zaanstreek,,,,,,,,,,,,,,,,
NL326,,Groot-Amsterdam (NUTS 2013),,,,,,,,,,,,,,,,
NL327,,Het Gooi en Vechtstreek,,,,,,,,,,,,,,,,
NL332,,Agglomeratie 's-Gravenhage,,,,,,,,,,,,,,,,
NL333,,Delft en Westland,,,,,,,,,,,,,,,,
NL337,,Agglomeratie Leiden en Bollenstreek,,,,,,,,,,,,,,,,
NL338,,Oost-Zuid-Holland (NUTS 2006),,,,,,,,,,,,,,,,
NL339,,Groot-Rijnmond (NUTS 2006),,,,,,,,,,,,,,,,
NL33A,,Zuidoost-Zuid-Holland,,,,,,,,,,,,,,,,
NL341,,Zeeuwsch-Vlaanderen,,,,,,,,,,,,,,,,
NL342,,Overig Zeeland,,,,,,,,,,,,,,,,
NL411,,West-Noord-Brabant,,,,,,,,,,,,,,,,
NL412,,Midden-Noord-Brabant,,,,,,,,,,,,,,,,
NL413,,Noordoost-Noord-Brabant,,,,,,,,,,,,,,,,
NL414,,Zuidoost-Noord-Brabant,,,,,,,,,,,,,,,,
NL421,,Noord-Limburg,,,,,,,,,,,,,,,,
NL422,,Midden-Limburg,,,,,,,,,,,,,,,,
NL423,,Zuid-Limburg,,,,,,,,,,,,,,,,
NLZZZ,0,Extra-Regio NUTS 3,,,,,,,,,,,,,,,,
AT,56,Austria,Austria,56,,,,,,,,,,,,,,
AT111,5,Mittelburgenland,Ost�sterreich,33,,,,,,,,,,,,,,
AT112,5,Nordburgenland,Burgenland (AT),5,,,,,,,,,,,,,,
AT113,5,S�dburgenland,Nieder�sterreich,11,,,,,,,,,,,,,,
AT121,11,Mostviertel-Eisenwurzen,Wien,17,,,,,,,,,,,,,,
AT122,11,Nieder�sterreich-S�d,Wien,17,,,,,,,,,,,,,,
AT123,11,Sankt P�lten,S�d�sterreich,6,,,,,,,,,,,,,,
AT124,11,Waldviertel,K�rnten,3,x,,,,,,,,,,,,,
AT125,11,Weinviertel,Steiermark,3,x,,,,,,,,,,,,,
AT126,11,Wiener Umland/Nordteil,West�sterreich,17,,,,,,,,,,,,,,
AT127,11,Wiener Umland/S�dteil,Ober�sterreich,10,x,,,,,,,,,,,,,
AT130,17,Wien,Salzburg,4,x,,,,,,,,,,,,,
AT211,3,Klagenfurt-Villach,Tirol,3,x,,,,,,,,,,,,,
AT212,3,Oberk�rnten,Vorarlberg,0,x,,,,,,,,,,,,,
AT213,3,Unterk�rnten,,,,,,,,,,,,,,,,
AT221,3,Graz,,,,,,,,,,,,,,,,
AT222,3,Liezen,,,,,,,,,,,,,,,,
AT223,3,�stliche Obersteiermark,,,,,,,,,,,,,,,,
AT224,3,Oststeiermark,,,,,,,,,,,,,,,,
AT225,3,West- und S�dsteiermark,,,,,,,,,,,,,,,,
AT226,3,Westliche Obersteiermark,,,,,,,,,,,,,,,,
AT311,10,Innviertel,,,,,,,,,,,,,,,,
AT312,10,Linz-Wels,,,,,,,,,,,,,,,,
AT313,10,M�hlviertel,,,,,,,,,,,,,,,,
AT314,10,Steyr-Kirchdorf,,,,,,,,,,,,,,,,
AT315,10,Traunviertel,,,,,,,,,,,,,,,,
AT321,4,Lungau,,,,,,,,,,,,,,,,
AT322,4,Pinzgau-Pongau,,,,,,,,,,,,,,,,
AT323,4,Salzburg und Umgebung,,,,,,,,,,,,,,,,
AT331,3,Au�erfern,,,,,,,,,,,,,,,,
AT332,3,Innsbruck,,,,,,,,,,,,,,,,
AT333,3,Osttirol,,,,,,,,,,,,,,,,
AT334,3,Tiroler Oberland,,,,,,,,,,,,,,,,
AT335,3,Tiroler Unterland,,,,,,,,,,,,,,,,
AT341,0,Bludenz-Bregenzer Wald,,,,,,,,,,,,,,,,
AT342,0,Rheintal-Bodenseegebiet,,,,,,,,,,,,,,,,
ATZZZ,0,Extra-Regio NUTS 3,,,,,,,,,,,,,,,,
PL,436,Poland,,,,,,,,,,,,,,,,
PL113,34,Miasto L�dz (NUTS 2013),,,,,,,,,,,,,,,,
PL114,34,L�dzki (NUTS 2013),,,,,,,,,,,,,,,,
PL115,34,Piotrkowski (NUTS 2013),,,,,,,,,,,,,,,,
PL116,34,Sieradzki (NUTS 2013),,,,,,,,,,,,,,,,
PL117,34,Skierniewicki (NUTS 2013),,,,,,,,,,,,,,,,
PL127,62,Miasto Warszawa (NUTS 2013),,,,,,,,,,,,,,,,
PL128,62,Radomski (NUTS 2013),,,,,,,,,,,,,,,,
PL129,62,Warszawski wschodni (NUTS 2013),,,,,,,,,,,,,,,,
PL12A,62,Warszawski zachodni (NUTS 2013),,,,,,,,,,,,,,,,
PL12B,62,Ciechanowsko-plocki (NUTS 2010),,,,,,,,,,,,,,,,
PL12C,62,Ciechanowsko-plocki (NUTS 2010),,,,,,,,,,,,,,,,
PL12D,62,Ostrolecko-siedlecki (NUTS 2010),,,,,,,,,,,,,,,,
PL12E,62,Ostrolecko-siedlecki (NUTS 2010),,,,,,,,,,,,,,,,
PL213,24,Miasto Krak�w,,,,,,,,,,,,,,,,
PL214,24,Krakowski,,,,,,,,,,,,,,,,
PL217,24,Tarnowski,,,,,,,,,,,,,,,,
PL218,24,Nowosadecki (NUTS 2010),,,,,,,,,,,,,,,,
PL219,24,Nowotarski,,,,,,,,,,,,,,,,
PL21A,24,Oswiecimski (NUTS 2010),,,,,,,,,,,,,,,,
PL224,63,Czestochowski,,,,,,,,,,,,,,,,
PL225,63,Bielski,,,,,,,,,,,,,,,,
PL227,63,Rybnicki,,,,,,,,,,,,,,,,
PL228,63,Bytomski,,,,,,,,,,,,,,,,
PL229,63,Gliwicki,,,,,,,,,,,,,,,,
PL22A,63,Katowicki,,,,,,,,,,,,,,,,
PL22B,63,Sosnowiecki,,,,,,,,,,,,,,,,
PL22C,63,Tyski,,,,,,,,,,,,,,,,
PL311,23,Bialski (NUTS 2013),,,,,,,,,,,,,,,,
PL312,23,Chelmsko-zamojski (NUTS 2013),,,,,,,,,,,,,,,,
PL314,23,Lubelski (NUTS 2013),,,,,,,,,,,,,,,,
PL315,23,Pulawski (NUTS 2013),,,,,,,,,,,,,,,,
PL323,9,Krosnienski (NUTS 2013),,,,,,,,,,,,,,,,
PL324,9,Przemyski (NUTS 2013),,,,,,,,,,,,,,,,
PL325,9,Rzeszowski (NUTS 2013),,,,,,,,,,,,,,,,
PL326,9,Tarnobrzeski (NUTS 2013),,,,,,,,,,,,,,,,
PL331,15,Kielecki (NUTS 2013),,,,,,,,,,,,,,,,
PL332,15,Sandomiersko-jedrzejowski (NUTS 2013),,,,,,,,,,,,,,,,
PL343,11,Bialostocki (NUTS 2013),,,,,,,,,,,,,,,,
PL344,11,Lomzynski (NUTS 2013),,,,,,,,,,,,,,,,
PL345,11,Suwalski (NUTS 2013),,,,,,,,,,,,,,,,
PL411,26,Pilski,,,,,,,,,,,,,,,,
PL414,26,Koninski,,,,,,,,,,,,,,,,
PL415,26,Miasto Poznan,,,,,,,,,,,,,,,,
PL416,26,Kaliski,,,,,,,,,,,,,,,,
PL417,26,Leszczynski,,,,,,,,,,,,,,,,
PL418,26,Poznanski,,,,,,,,,,,,,,,,
PL424,36,Miasto Szczecin,,,,,,,,,,,,,,,,
PL426,36,Koszalinski (NUTS 2010),,,,,,,,,,,,,,,,
PL427,36,Szczecinski (NUTS 2010),,,,,,,,,,,,,,,,
PL428,36,Szczecinski (NUTS 2010),,,,,,,,,,,,,,,,
PL431,14,Gorzowski,,,,,,,,,,,,,,,,
PL432,14,Zielonog�rski,,,,,,,,,,,,,,,,
PL514,39,Miasto Wroclaw,,,,,,,,,,,,,,,,
PL515,39,Jeleniog�rski,,,,,,,,,,,,,,,,
PL516,39,Legnicko-Glogowski,,,,,,,,,,,,,,,,
PL517,39,Walbrzyski,,,,,,,,,,,,,,,,
PL518,39,Wroclawski,,,,,,,,,,,,,,,,
PL523,11,Nyski (NUTS 2010),,,,,,,,,,,,,,,,
PL524,11,Opolski (NUTS 2010),,,,,,,,,,,,,,,,
PL613,17,Bydgosko-Torunski,,,,,,,,,,,,,,,,
PL616,17,Grudziadzki (NUTS 2010),,,,,,,,,,,,,,,,
PL617,17,Inowroc?awski,,,,,,,,,,,,,,,,
PL618,17,?wiecki,,,,,,,,,,,,,,,,
PL619,17,Wloclawski (NUTS 2010),,,,,,,,,,,,,,,,
PL621,22,Elblaski,,,,,,,,,,,,,,,,
PL622,22,Olsztynski,,,,,,,,,,,,,,,,
PL623,22,Elcki,,,,,,,,,,,,,,,,
PL633,30,Trojmiejski,,,,,,,,,,,,,,,,
PL634,30,Gdanski,,,,,,,,,,,,,,,,
PL636,30,Slupski (NUTS 2010),,,,,,,,,,,,,,,,
PL637,30,Chojnicki,,,,,,,,,,,,,,,,
PL638,30,Starogardzki (NUTS 2010),,,,,,,,,,,,,,,,
PLZZZ,0,Extra-Regio NUTS 3,,,,,,,,,,,,,,,,
PT,124,Portugal,,,,,,,,,,,,,,,,
PT111,4,Alto Minho,,,,,,,,,,,,,,,,
PT112,2,C�vado,,,,,,,,,,,,,,,,
PT119,3,Ave (NUTS 2010),,,,,,,,,,,,,,,,
PT11A,3,Grande Porto (NUTS 2010),,,,,,,,,,,,,,,,
PT11B,7,T�mega (NUTS 2010),,,,,,,,,,,,,,,,
PT11C,1,Entre Douro e Vouga (NUTS 2010),,,,,,,,,,,,,,,,
PT11D,3,Douro (NUTS 2010),,,,,,,,,,,,,,,,
PT11E,2,Alto Tr�s-os-Montes (NUTS 2010),,,,,,,,,,,,,,,,
PT150,11,Algarve,,,,,,,,,,,,,,,,
PT16B,4,Oeste,,,,,,,,,,,,,,,,
PT16D,24,Centro (PT),,,,,,,,,,,,,,,,
PT16E,24,Centro (PT),,,,,,,,,,,,,,,,
PT16F,24,Centro (PT),,,,,,,,,,,,,,,,
PT16G,4,D�o-Laf�es (NUTS 2010),,,,,,,,,,,,,,,,
PT16H,3,Cova da Beira (NUTS 2010),,,,,,,,,,,,,,,,
PT16I,1,M�dio Tejo (NUTS 2010),,,,,,,,,,,,,,,,
PT16J,0,Serra da Estrela (NUTS 2010),,,,,,,,,,,,,,,,
PT170,44,�rea Metropolitana de Lisboa,,,,,,,,,,,,,,,,
PT181,2,Alentejo Litoral,,,,,,,,,,,,,,,,
PT184,6,Baixo Alentejo,,,,,,,,,,,,,,,,
PT185,3,Lez�ria do Tejo,,,,,,,,,,,,,,,,
PT186,1,Alto Alentejo (NUTS 2010),,,,,,,,,,,,,,,,
PT187,0,Alentejo Central (NUTS 2010),,,,,,,,,,,,,,,,
PT200,4,Regi�o Aut�noma dos A�ores (PT),,,,,,,,,,,,,,,,
PT300,4,Regi�o Aut�noma da Madeira (PT),,,,,,,,,,,,,,,,
PTZZZ,0,Extra-Regio NUTS 3,,,,,,,,,,,,,,,,
RO,404,Romania,,,,,,,,,,,,,,,,
RO111,4,Bihor,,,,,,,,,,,,,,,,
RO112,3,Bistrita-Nasaud,,,,,,,,,,,,,,,,
RO113,5,Cluj,,,,,,,,,,,,,,,,
RO114,12,Maramures,,,,,,,,,,,,,,,,
RO115,8,Satu Mare,,,,,,,,,,,,,,,,
RO116,3,Salaj,,,,,,,,,,,,,,,,
RO121,7,Alba,,,,,,,,,,,,,,,,
RO122,9,Brasov,,,,,,,,,,,,,,,,
RO123,1,Covasna,,,,,,,,,,,,,,,,
RO124,4,Harghita,,,,,,,,,,,,,,,,
RO125,15,Mures,,,,,,,,,,,,,,,,
RO126,6,Sibiu,,,,,,,,,,,,,,,,
RO211,24,Bacau,,,,,,,,,,,,,,,,
RO212,13,Botosani,,,,,,,,,,,,,,,,
RO213,37,Iasi,,,,,,,,,,,,,,,,
RO214,12,Neamt,,,,,,,,,,,,,,,,
RO215,13,Suceava,,,,,,,,,,,,,,,,
RO216,13,Vaslui,,,,,,,,,,,,,,,,
RO221,9,Braila,,,,,,,,,,,,,,,,
RO222,9,Buzau,,,,,,,,,,,,,,,,
RO223,18,Constanta,,,,,,,,,,,,,,,,
RO224,20,Galati,,,,,,,,,,,,,,,,
RO225,0,Tulcea,,,,,,,,,,,,,,,,
RO226,9,Vrancea,,,,,,,,,,,,,,,,
RO311,5,Arges,,,,,,,,,,,,,,,,
RO312,14,Calarasi,,,,,,,,,,,,,,,,
RO313,6,D�mbovita,,,,,,,,,,,,,,,,
RO314,5,Giurgiu,,,,,,,,,,,,,,,,
RO315,3,Ialomita,,,,,,,,,,,,,,,,
RO316,8,Prahova,,,,,,,,,,,,,,,,
RO317,9,Teleorman,,,,,,,,,,,,,,,,
RO321,22,Bucuresti,,,,,,,,,,,,,,,,
RO322,6,Ilfov,,,,,,,,,,,,,,,,
RO411,21,Dolj,,,,,,,,,,,,,,,,
RO412,4,Gorj,,,,,,,,,,,,,,,,
RO413,4,Mehedinti,,,,,,,,,,,,,,,,
RO414,9,Olt,,,,,,,,,,,,,,,,
RO415,7,V�lcea,,,,,,,,,,,,,,,,
RO421,9,Arad,,,,,,,,,,,,,,,,
RO422,8,Caras-Severin,,,,,,,,,,,,,,,,
RO423,5,Hunedoara,,,,,,,,,,,,,,,,
RO424,5,Timis,,,,,,,,,,,,,,,,
ROZZZ,0,Extra-Regio NUTS 3,,,,,,,,,,,,,,,,
SI,10,Slovenia,,,,,,,,,,,,,,,,
SI031,,Pomurska (NUTS 2010),,,,,,,,,,,,,,,,
SI032,5,Podravska (NUTS 2010),,,,,,,,,,,,,,,,
SI033,,Koroska (NUTS 2010),,,,,,,,,,,,,,,,
SI034,0,Savinjska (NUTS 2010),,,,,,,,,,,,,,,,
SI035,,Zasavska (NUTS 2010),,,,,,,,,,,,,,,,
SI036,1,Spodnjeposavska (NUTS 2010),,,,,,,,,,,,,,,,
SI037,1,Jugovzhodna Slovenija (NUTS 2010),,,,,,,,,,,,,,,,
SI038,,Notranjsko-kraska (NUTS 2010),,,,,,,,,,,,,,,,
SI041,3,Osrednjeslovenska (NUTS 2010),,,,,,,,,,,,,,,,
SI042,0,Gorenjska (NUTS 2010),,,,,,,,,,,,,,,,
SI043,,Goriska (NUTS 2010),,,,,,,,,,,,,,,,
SI044,0,Obalno-kraska (NUTS 2010),,,,,,,,,,,,,,,,
SIZZZ,0,Extra-Regio NUTS 3,,,,,,,,,,,,,,,,
SK,89,Slovakia,,,,,,,,,,,,,,,,
SK010,13,Bratislavsk� kraj,,,,,,,,,,,,,,,,
SK021,9,Trnavsk� kraj,,,,,,,,,,,,,,,,
SK022,11,Trenciansky kraj,,,,,,,,,,,,,,,,
SK023,19,Nitriansky kraj,,,,,,,,,,,,,,,,
SK031,8,Zilinsk� kraj,,,,,,,,,,,,,,,,
SK032,8,Banskobystrick� kraj,,,,,,,,,,,,,,,,
SK041,8,Presovsk� kraj,,,,,,,,,,,,,,,,
SK042,11,Kosick� kraj,,,,,,,,,,,,,,,,
SKZZZ,0,Extra-Regio NUTS 3,,,,,,,,,,,,,,,,
FI,112,Finland,,,,,,,,,,,,,,,,
FI193,4,Keski-Suomi,,,,,,,,,,,,,,,,
FI194,6,Etel�-Pohjanmaa,,,,,,,,,,,,,,,,
FI195,1,Pohjanmaa,,,,,,,,,,,,,,,,
FI196,1,Satakunta,,,,,,,,,,,,,,,,
FI197,14,Pirkanmaa,,,,,,,,,,,,,,,,
FI1B1,26,Helsinki-Uusimaa,,,,,,,,,,,,,,,,
FI1C1,4,Varsinais-Suomi,,,,,,,,,,,,,,,,
FI1C2,3,Kanta-H�me,,,,,,,,,,,,,,,,
FI1C3,1,P�ij�t-H�me,,,,,,,,,,,,,,,,
FI1C4,4,Kymenlaakso,,,,,,,,,,,,,,,,
FI1C5,1,Etel�-Karjala,,,,,,,,,,,,,,,,
FI1D1,4,Etel�-Savo,,,,,,,,,,,,,,,,
FI1D2,6,Pohjois-Savo,,,,,,,,,,,,,,,,
FI1D3,5,Pohjois-Karjala,,,,,,,,,,,,,,,,
FI1D4,2,Kainuu (NUTS 2013),,,,,,,,,,,,,,,,
FI1D5,1,Keski-Pohjanmaa,,,,,,,,,,,,,,,,
FI1D6,17,Pohjois-Pohjanmaa (NUTS 2013),,,,,,,,,,,,,,,,
FI1D7,12,Lappi,,,,,,,,,,,,,,,,
FI200,0,�land,,,,,,,,,,,,,,,,
FIZZZ,0,Extra-Regio NUTS 3,,,,,,,,,,,,,,,,
SE,91,Sweden,,,,,,,,,,,,,,,,
SE110,24,Stockholms l�n,,,,,,,,,,,,,,,,
SE121,1,Uppsala l�n,,,,,,,,,,,,,,,,
SE122,1,S�dermanlands l�n,,,,,,,,,,,,,,,,
SE123,2,�sterg�tlands l�n,,,,,,,,,,,,,,,,
SE124,1,�rebro l�n,,,,,,,,,,,,,,,,
SE125,2,V�stmanlands l�n,,,,,,,,,,,,,,,,
SE211,5,J�nk�pings l�n,,,,,,,,,,,,,,,,
SE212,6,Kronobergs l�n,,,,,,,,,,,,,,,,
SE213,1,Kalmar l�n,,,,,,,,,,,,,,,,
SE214,0,Gotlands l�n,,,,,,,,,,,,,,,,
SE221,0,Blekinge l�n,,,,,,,,,,,,,,,,
SE224,10,Sk�ne l�n,,,,,,,,,,,,,,,,
SE231,2,Hallands l�n,,,,,,,,,,,,,,,,
SE232,21,V�stra G�talands l�n,,,,,,,,,,,,,,,,
SE311,2,V�rmlands l�n,,,,,,,,,,,,,,,,
SE312,2,Dalarnas l�n,,,,,,,,,,,,,,,,
SE313,1,G�vleborgs l�n,,,,,,,,,,,,,,,,
SE321,5,V�sternorrlands l�n,,,,,,,,,,,,,,,,
SE322,1,J�mtlands l�n,,,,,,,,,,,,,,,,
SE331,2,V�sterbottens l�n,,,,,,,,,,,,,,,,
SE332,2,Norrbottens l�n,,,,,,,,,,,,,,,,
SEZZZ,0,Extra-Regio NUTS 3,,,,,,,,,,,,,,,,
UK,758,UNITED KINGDOM,,,,,,,,,,,,,,,,
UKC11,4,Hartlepool and Stockton-on-Tees,,,,,,,,,,,,,,,,
UKC12,4,South Teesside,,,,,,,,,,,,,,,,
UKC13,12,Darlington,,,,,,,,,,,,,,,,
UKC14,12,Durham CC,,,,,,,,,,,,,,,,
UKC21,11,Northumberland,,,,,,,,,,,,,,,,
UKC22,11,Tyneside,,,,,,,,,,,,,,,,
UKC23,11,Sunderland,,,,,,,,,,,,,,,,
UKD11,16,West Cumbria,,,,,,,,,,,,,,,,
UKD12,16,East Cumbria,,,,,,,,,,,,,,,,
UKD33,16,Manchester,,,,,,,,,,,,,,,,
UKD34,16,Greater Manchester South West,,,,,,,,,,,,,,,,
UKD35,16,Greater Manchester South East,,,,,,,,,,,,,,,,
UKD36,16,Greater Manchester North West,,,,,,,,,,,,,,,,
UKD37,16,Greater Manchester North East,,,,,,,,,,,,,,,,
UKD41,20,Blackburn with Darwen,,,,,,,,,,,,,,,,
UKD42,20,Blackpool,,,,,,,,,,,,,,,,
UKD44,20,Lancaster and Wyre,,,,,,,,,,,,,,,,
UKD45,20,Mid Lancashire,,,,,,,,,,,,,,,,
UKD46,20,East Lancashire,,,,,,,,,,,,,,,,
UKD47,20,Chorley and West Lancashire,,,,,,,,,,,,,,,,
UKD61,11,Warrington,,,,,,,,,,,,,,,,
UKD62,11,Cheshire East,,,,,,,,,,,,,,,,
UKD63,11,Cheshire West and Chester,,,,,,,,,,,,,,,,
UKD71,23,East Merseyside,,,,,,,,,,,,,,,,
UKD72,23,Liverpool,,,,,,,,,,,,,,,,
UKD73,23,Sefton,,,,,,,,,,,,,,,,
UKD74,23,Wirral,,,,,,,,,,,,,,,,
UKE11,7,Kingston upon Hull,,,,,,,,,,,,,,,,
UKE12,7,East Riding of Yorkshire,,,,,,,,,,,,,,,,
UKE13,7,North and North East Lincolnshire,,,,,,,,,,,,,,,,
UKE21,7,York,,,,,,,,,,,,,,,,
UKE22,7,North Yorkshire CC,,,,,,,,,,,,,,,,
UKE31,26,Barnsley,,,,,,,,,,,,,,,,
UKE32,26,Sheffield,,,,,,,,,,,,,,,,
UKE41,27,Bradford,,,,,,,,,,,,,,,,
UKE42,27,Leeds,,,,,,,,,,,,,,,,
UKE44,27,Calderdale and Kirklees,,,,,,,,,,,,,,,,
UKE45,27,Wakefield,,,,,,,,,,,,,,,,
UKF11,12,Derby,,,,,,,,,,,,,,,,
UKF12,12,East Derbyshire,,,,,,,,,,,,,,,,
UKF13,12,South and West Derbyshire,,,,,,,,,,,,,,,,
UKF14,7,Nottingham,,,,,,,,,,,,,,,,
UKF15,7,North Nottinghamshire,,,,,,,,,,,,,,,,
UKF16,7,South Nottinghamshire,,,,,,,,,,,,,,,,
UKF21,12,Leicester,,,,,,,,,,,,,,,,
UKF22,12,Leicestershire CC and Rutland,,,,,,,,,,,,,,,,
UKF24,6,West Northamptonshire,,,,,,,,,,,,,,,,
UKF25,6,North Northamptonshire,,,,,,,,,,,,,,,,
UKF30,7,Lincolnshire,,,,,,,,,,,,,,,,
UKG11,16,Herefordshire,,,,,,,,,,,,,,,,
UKG12,16,Worcestershire,,,,,,,,,,,,,,,,
UKG13,6,Warwickshire,,,,,,,,,,,,,,,,
UKG21,16,Telford and Wrekin,,,,,,,,,,,,,,,,
UKG22,16,Shropshire CC,,,,,,,,,,,,,,,,
UKG23,9,Stoke-on-Trent,,,,,,,,,,,,,,,,
UKG24,9,Staffordshire CC,,,,,,,,,,,,,,,,
UKG31,43,Birmingham,,,,,,,,,,,,,,,,
UKG32,43,Solihull,,,,,,,,,,,,,,,,
UKG33,43,Coventry,,,,,,,,,,,,,,,,
UKG36,43,Dudley,,,,,,,,,,,,,,,,
UKG37,43,Sandwell,,,,,,,,,,,,,,,,
UKG38,43,Walsall,,,,,,,,,,,,,,,,
UKG39,43,Wolverhampton,,,,,,,,,,,,,,,,
UKH11,8,Peterborough,,,,,,,,,,,,,,,,
UKH12,8,Cambridgeshire CC,,,,,,,,,,,,,,,,
UKH14,8,Suffolk,,,,,,,,,,,,,,,,
UKH15,9,Norwich and East Norfolk,,,,,,,,,,,,,,,,
UKH16,0,North�and West Norfolk,,,,,,,,,,,,,,,,
UKH17,9,Breckland and South Norfolk,,,,,,,,,,,,,,,,
UKH21,5,Luton,,,,,,,,,,,,,,,,
UKH23,10,Hertfordshire,,,,,,,,,,,,,,,,
UKH24,5,Bedford,,,,,,,,,,,,,,,,
UKH25,5,Central Bedfordshire,,,,,,,,,,,,,,,,
UKH31,13,Southend-on-Sea,,,,,,,,,,,,,,,,
UKH32,13,Thurrock,,,,,,,,,,,,,,,,
UKH34,13,Essex Haven Gateway,,,,,,,,,,,,,,,,
UKH35,13,West Essex,,,,,,,,,,,,,,,,
UKH36,13,Heart of Essex,,,,,,,,,,,,,,,,
UKH37,13,Essex Thames Gateway,,,,,,,,,,,,,,,,
UKI31,131,Camden and City of London,,,,,,,,,,,,,,,,
UKI32,131,Westminster,,,,,,,,,,,,,,,,
UKI33,131,Kensington & Chelsea and Hammersmith & Fulham,,,,,,,,,,,,,,,,
UKI34,131,Wandsworth,,,,,,,,,,,,,,,,
UKI41,131,Hackney and Newham,,,,,,,,,,,,,,,,
UKI42,131,Tower Hamlets,,,,,,,,,,,,,,,,
UKI43,131,Haringey and Islington,,,,,,,,,,,,,,,,
UKI44,131,Lewisham and Southwark,,,,,,,,,,,,,,,,
UKI45,131,Lambeth,,,,,,,,,,,,,,,,
UKI51,131,Bexley and Greenwich,,,,,,,,,,,,,,,,
UKI52,131,Barking & Dagenham and Havering,,,,,,,,,,,,,,,,
UKI53,131,Redbridge and Waltham Forest,,,,,,,,,,,,,,,,
UKI54,131,Enfield,,,,,,,,,,,,,,,,
UKI61,131,Bromley,,,,,,,,,,,,,,,,
UKI62,131,Croydon,,,,,,,,,,,,,,,,
UKI63,131,Merton,,,,,,,,,,,,,,,,
UKI71,131,Barnet,,,,,,,,,,,,,,,,
UKI72,131,Brent,,,,,,,,,,,,,,,,
UKI73,131,Ealing,,,,,,,,,,,,,,,,
UKI74,131,Harrow and Hillingdon,,,,,,,,,,,,,,,,
UKI75,131,Hounslow and Richmond upon Thames,,,,,,,,,,,,,,,,
UKJ11,22,Berkshire,,,,,,,,,,,,,,,,
UKJ12,22,Milton Keynes,,,,,,,,,,,,,,,,
UKJ13,22,Buckinghamshire CC,,,,,,,,,,,,,,,,
UKJ14,22,Oxfordshire,,,,,,,,,,,,,,,,
UKJ21,17,Brighton and Hove,,,,,,,,,,,,,,,,
UKJ22,17,East Sussex CC,,,,,,,,,,,,,,,,
UKJ25,9,West Surrey,,,,,,,,,,,,,,,,
UKJ26,9,East Surrey,,,,,,,,,,,,,,,,
UKJ27,17,West Sussex (South West),,,,,,,,,,,,,,,,
UKJ28,17,West Sussex (North East),,,,,,,,,,,,,,,,
UKJ31,10,Portsmouth,,,,,,,,,,,,,,,,
UKJ32,10,Southampton,,,,,,,,,,,,,,,,
UKJ34,10,Isle of Wight,,,,,,,,,,,,,,,,
UKJ35,10,South Hampshire,,,,,,,,,,,,,,,,
UKJ36,10,Central Hampshire,,,,,,,,,,,,,,,,
UKJ37,10,North Hampshire,,,,,,,,,,,,,,,,
UKJ41,12,Medway,,,,,,,,,,,,,,,,
UKJ43,12,Kent Thames Gateway,,,,,,,,,,,,,,,,
UKJ44,12,East Kent,,,,,,,,,,,,,,,,
UKJ45,12,Mid Kent,,,,,,,,,,,,,,,,
UKJ46,12,West Kent,,,,,,,,,,,,,,,,
UKK11,18,Bristol,,,,,,,,,,,,,,,,
UKK12,18,Bath and North East Somerset,,,,,,,,,,,,,,,,
UKK13,2,Gloucestershire,,,,,,,,,,,,,,,,
UKK14,3,Swindon,,,,,,,,,,,,,,,,
UKK15,3,Wiltshire CC,,,,,,,,,,,,,,,,
UKK21,7,Bournemouth and Poole,,,,,,,,,,,,,,,,
UKK22,7,Dorset CC,,,,,,,,,,,,,,,,
UKK23,18,Somerset,,,,,,,,,,,,,,,,
UKK30,13,Cornwall and Isles of Scilly,,,,,,,,,,,,,,,,
UKK41,13,Plymouth,,,,,,,,,,,,,,,,
UKK42,13,Torbay,,,,,,,,,,,,,,,,
UKK43,13,Devon CC,,,,,,,,,,,,,,,,
UKL11,10,Isle of Anglesey,,,,,,,,,,,,,,,,
UKL12,10,Gwynedd,,,,,,,,,,,,,,,,
UKL13,10,Conwy and Denbighshire,,,,,,,,,,,,,,,,
UKL14,1,South West Wales,,,,,,,,,,,,,,,,
UKL15,8,Central Valleys,,,,,,,,,,,,,,,,
UKL16,8,Gwent Valleys,,,,,,,,,,,,,,,,
UKL17,8,Bridgend and Neath Port Talbot,,,,,,,,,,,,,,,,
UKL18,8,Swansea,,,,,,,,,,,,,,,,
UKL21,4,Monmouthshire and Newport,,,,,,,,,,,,,,,,
UKL22,8,Cardiff and Vale of Glamorgan,,,,,,,,,,,,,,,,
UKL23,10,Flintshire and Wrexham,,,,,,,,,,,,,,,,
UKL24,1,Powys,,,,,,,,,,,,,,,,
UKM21,3,Angus and Dundee City,,,,,,,,,,,,,,,,
UKM22,5,Clackmannanshire and Fife,,,,,,,,,,,,,,,,
UKM23,12,East Lothian and Midlothian,,,,,,,,,,,,,,,,
UKM24,12,Scottish Borders,,,,,,,,,,,,,,,,
UKM25,7,Edinburgh,,,,,,,,,,,,,,,,
UKM26,3,Falkirk,,,,,,,,,,,,,,,,
UKM27,0,Perth & Kinross and Stirling,,,,,,,,,,,,,,,,
UKM28,12,West Lothian,,,,,,,,,,,,,,,,
UKM31,43,East Dunbartonshire,,,,,,,,,,,,,,,,
UKM32,0,Dumfries & Galloway,,,,,,,,,,,,,,,,
UKM33,43,East Ayrshire and North Ayrshire mainland,,,,,,,,,,,,,,,,
UKM34,20,Glasgow City,,,,,,,,,,,,,,,,
UKM35,43,Inverclyde,,,,,,,,,,,,,,,,
UKM36,43,North Lanarkshire,,,,,,,,,,,,,,,,
UKM37,43,South Ayrshire,,,,,,,,,,,,,,,,
UKM38,43,South Lanarkshire,,,,,,,,,,,,,,,,
UKM50,3,Aberdeen City and Aberdeenshire,,,,,,,,,,,,,,,,
UKM61,3,Caithness & Sutherland and Ross & Cromarty,,,,,,,,,,,,,,,,
UKM62,4,Inverness & Nairn and Moray,,,,,,,,,,,,,,,,
UKM63,3,Lochaber,,,,,,,,,,,,,,,,
UKM64,3,Eilean Siar (Western Isles),,,,,,,,,,,,,,,,
UKM65,3,Orkney Islands,,,,,,,,,,,,,,,,
UKM66,3,Shetland Islands,,,,,,,,,,,,,,,,
UKN01,9,Belfast,,,,,,,,,,,,,,,,
UKN02,3,Outer Belfast,,,,,,,,,,,,,,,,
UKN03,5,East of Northern Ireland,,,,,,,,,,,,,,,,
UKN04,4,North of Northern Ireland,,,,,,,,,,,,,,,,
UKN05,7,West and South of Northern Ireland,,,,,,,,,,,,,,,,
UKZZZ,0,Extra-Regio NUTS 3,,,,,,,,,,,,,,,,
